Date,AWND,PRCP,SNOW,SNWD,TAVG,TMAX,TMIN
2017-01-01,4.875,1.2874999999999999,7.666666666666667,0.0,2.5500000000000003,5.2125,-3.8125
2017-01-02,2.025,0.1,0.0,0.0,0.29999999999999993,3.125,-6.025
2017-01-03,6.25,18.475,0.0,0.0,3.2,5.2124999999999995,2.1
2017-01-04,4.65,2.0875,4.333333333333333,0.0,4.25,7.025,-1.45
2017-01-05,5.1,0.0,0.0,0.0,-2.0,-0.575,-5.275
2017-01-06,2.9875,1.225,33.0,0.0,-3.55,-1.7375,-8.1
2017-01-07,4.5,6.1125,180.33333333333334,30.0,-6.9,-4.175,-9.8875
2017-01-08,5.0125,0.175,5.0,180.0,-9.35,-6.3,-13.775
2017-01-09,3.475,0.0,0.0,150.0,-11.05,-6.65,-16.2375
2017-01-10,4.0875,1.6875,0.0,130.0,-6.15,4.575,-12.475
2017-01-11,5.824999999999999,6.225,0.0,0.0,6.35,10.8375,2.9125
2017-01-12,5.7,8.475,0.0,0.0,9.2,13.975,4.5875
2017-01-13,6.8875,0.0,0.0,0.0,7.199999999999999,11.175,-4.7125
2017-01-14,3.125,0.0375,0.0,0.0,-4.55,-1.2625000000000002,-9.575
2017-01-15,3.4625,0.0,0.0,0.0,-1.8499999999999999,1.875,-6.3
2017-01-16,3.0625,0.0,0.0,0.0,-1.65,4.65,-8.6
2017-01-17,3.3125,7.675,6.0,0.0,1.9,4.65,-3.275
2017-01-18,4.1000000000000005,5.5125,11.0,0.0,1.35,2.9,0.43750000000000006
2017-01-19,2.9875,0.0,0.0,0.0,1.75,6.3875,-0.10000000000000003
2017-01-20,1.6,0.0,0.0,0.0,2.15,4.0,-0.25000000000000006
2017-01-21,2.5625,0.0,0.0,0.0,4.9,10.4875,1.1375
2017-01-22,3.7249999999999996,1.025,0.0,0.0,6.0,8.4,1.5375
2017-01-23,7.9875,7.3125,21.333333333333332,0.0,1.45,3.05,0.32499999999999996
2017-01-24,7.7625,22.8,16.0,0.0,1.25,4.375,-0.6375000000000001
2017-01-25,6.1375,0.325,0.0,0.0,2.2,4.7375,0.09999999999999998
2017-01-26,5.0375,1.85,0.0,0.0,4.65,8.75,1.7375
2017-01-27,7.725,0.0375,0.0,0.0,3.3,4.8,1.15
2017-01-28,6.175,0.0,0.0,0.0,1.4,3.05,-1.0625
2017-01-29,3.9375,0.0,0.0,0.0,0.7000000000000001,4.0375,-2.6125000000000003
2017-01-30,3.9125,0.0,0.0,0.0,-1.35,0.5875000000000001,-6.7875
2017-01-31,2.6125,1.2999999999999998,27.0,0.0,-5.6,-2.625,-9.8625
2017-02-01,3.575,1.025,17.666666666666668,50.0,-1.3499999999999999,4.35,-4.45
2017-02-02,4.475,0.0,0.0,0.0,0.10000000000000009,2.6375,-6.325
2017-02-03,4.475,0.0,0.0,0.0,-3.3,-0.9875,-6.775
2017-02-04,4.925,0.0,0.0,0.0,-4.7,-0.9125000000000001,-8.5
2017-02-05,5.2125,0.0625,0.0,0.0,-1.65,4.1,-5.6
2017-02-06,5.4625,0.0,0.0,0.0,0.5000000000000001,2.3625,-2.9625
2017-02-07,5.2,7.5249999999999995,31.333333333333332,0.0,-0.44999999999999996,1.8250000000000002,-2.625
2017-02-08,4.0125,2.225,0.0,0.0,1.35,8.8125,-2.925
2017-02-09,7.4125,18.6,345.3333333333333,0.0,-1.5499999999999998,1.275,-12.55
2017-02-10,5.928571428571429,0.8624999999999999,4.333333333333333,300.0,-9.7,-4.7125,-14.100000000000001
2017-02-11,3.357142857142857,2.1375,72.0,300.0,-7.300000000000001,-1.35,-8.6625
2017-02-12,4.728571428571429,12.225,117.66666666666667,280.0,-5.2,0.06249999999999997,-6.925
2017-02-13,8.385714285714286,1.575,37.333333333333336,380.0,-2.3000000000000003,0.7374999999999999,-5.6125
2017-02-14,3.4857142857142853,0.0,0.0,360.0,-3.8000000000000003,1.5,-8.657142857142857
2017-02-15,3.6,4.2875,11.0,330.0,-0.4,4.15,-4.3
2017-02-16,7.125,0.8624999999999999,27.333333333333332,380.0,-0.25,0.775,-4.6375
2017-02-17,6.225,0.0,0.0,330.0,-2.35,2.5125,-6.575
2017-02-18,4.75,0.0,0.0,330.0,1.75,10.275,-6.7
2017-02-19,5.2375,0.0,0.0,230.0,9.25,13.4,2.9375
2017-02-20,4.05,0.0,0.0,150.0,5.25,6.475,-3.2625
2017-02-21,2.7375,0.0,0.0,80.0,1.45,6.1125,-5.75
2017-02-22,2.575,0.0,0.0,50.0,5.550000000000001,12.887500000000001,0.925
2017-02-23,3.9749999999999996,0.0,0.0,30.0,9.85,17.8375,1.9500000000000002
2017-02-24,4.425,0.4125,0.0,0.0,13.65,20.6375,5.6875
2017-02-25,5.65,8.95,0.0,0.0,13.850000000000001,19.3,5.3375
2017-02-26,7.3375,0.0375,0.0,0.0,4.65,5.6875,-2.6375
2017-02-27,5.0,0.0,0.0,0.0,2.9000000000000004,10.825,-4.0125
2017-02-28,3.025,0.04285714285714286,0.0,0.0,6.1,13.1875,1.0750000000000002
2017-03-01,6.0125,0.36250000000000004,0.0,0.0,11.1,15.975,8.825
2017-03-02,9.262500000000001,0.35,0.0,0.0,8.05,13.9,-2.9875
2017-03-03,6.1,0.0,1.0,0.0,-2.1,1.3875000000000002,-7.625
2017-03-04,7.8374999999999995,0.0,0.0,0.0,-8.3,-6.1,-13.1
2017-03-05,6.925000000000001,0.0,0.0,0.0,-8.95,-1.35,-14.2875
2017-03-06,2.5875,0.0,0.0,0.0,-4.1,5.35,-11.375
2017-03-07,4.125,1.1625,0.0,0.0,2.1,8.1125,-0.6375
2017-03-08,5.9125,1.825,0.0,0.0,9.3,12.775,4.8
2017-03-09,7.4375,0.0,0.0,0.0,6.65,9.1625,0.38749999999999996
2017-03-10,4.75,2.5875,61.0,30.0,0.0,2.1125,-7.075
2017-03-11,8.675,0.125,3.3333333333333335,80.0,-8.9,-6.5875,-13.2375
2017-03-12,6.8,0.0,0.0,50.0,-9.8,-4.575,-14.025
2017-03-13,3.275,0.0,0.0,50.0,-6.9,-0.08750000000000002,-12.1875
2017-03-14,8.2125,28.5625,239.66666666666666,30.0,-2.3,0.9375,-5.6875
2017-03-15,7.7625,0.0375,0.0,150.0,-5.35,-3.4,-9.275
2017-03-16,7.275,0.0375,0.0,150.0,-4.75,0.11250000000000002,-7.550000000000001
2017-03-17,4.175,0.0,0.0,130.0,-1.05,4.025,-6.8625
2017-03-18,3.7875,0.0,0.0,130.0,-1.0,3.525,-8.8625
2017-03-19,5.5875,1.725,0.0,100.0,0.04999999999999993,4.0375,-2.4125
2017-03-20,4.225,0.0,0.0,100.0,3.9499999999999997,9.45,-3.6875
2017-03-21,3.4125,0.0,0.0,80.0,6.0,10.4125,-0.375
2017-03-22,8.4625,0.0,0.0,50.0,1.1,4.1625,-8.8
2017-03-23,4.8875,0.0,0.0,30.0,-4.949999999999999,2.0125,-9.925
2017-03-24,4.3375,0.8625,0.0,30.0,0.44999999999999996,6.2625,-4.9125
2017-03-25,2.7625,2.275,0.0,30.0,4.5,6.475,-1.05
2017-03-26,3.875,0.2625,0.0,30.0,1.1,4.3875,-3.1
2017-03-27,3.1375,10.4125,0.0,0.0,2.35,5.775,1.0625
2017-03-28,2.25,13.4625,0.0,0.0,2.5999999999999996,6.8625,1.6125
2017-03-29,5.2124999999999995,1.1375,0.0,0.0,4.0,7.9875,0.12499999999999992
2017-03-30,3.3,0.2625,0.0,0.0,3.4000000000000004,8.825,-1.675
2017-03-31,4.35,20.2625,26.0,0.0,2.1,3.45,0.25
2017-04-01,6.625,28.5125,57.666666666666664,30.0,0.6000000000000001,3.0625,0.04999999999999996
2017-04-02,3.875,0.0375,0.0,100.0,4.3,12.575,-0.175
2017-04-03,2.6999999999999997,0.0,0.0,30.0,7.75,14.787500000000001,-0.8500000000000001
2017-04-04,5.8125,21.05,0.0,0.0,4.699999999999999,7.425,2.975
2017-04-05,3.475,0.325,0.0,0.0,3.8,8.475,2.5
2017-04-06,5.625,21.1625,0.0,0.0,2.8499999999999996,8.55,2.5749999999999997
2017-04-07,6.55,0.825,0.0,0.0,7.35,10.4125,3.1875
2017-04-08,6.7875,0.0,0.0,0.0,4.7,9.0875,1.75
2017-04-09,3.7375,0.0,0.0,0.0,9.0,17.9125,0.3125000000000001
2017-04-10,4.925,0.0,0.0,0.0,15.05,24.1,4.725
2017-04-11,4.2375,0.0,0.0,0.0,18.799999999999997,27.5625,9.4375
2017-04-12,3.25,2.4875,0.0,0.0,14.3,17.0875,7.487500000000001
2017-04-13,4.6,0.0,0.0,0.0,9.85,13.875,3.2
2017-04-14,2.6,0.0,0.0,0.0,10.5,16.1875,1.6125
2017-04-15,5.325,0.075,0.0,0.0,11.850000000000001,19.375,1.5
2017-04-16,6.525,1.05,0.0,0.0,19.4,27.3,11.325
2017-04-17,5.85,0.1625,0.0,0.0,18.75,21.1125,8.5375
2017-04-18,4.225,0.0,0.0,0.0,9.05,13.0625,1.8875
2017-04-19,5.1375,1.825,0.0,0.0,5.85,11.65,2.7125
2017-04-20,3.375,1.65,0.0,0.0,8.850000000000001,15.9625,6.1875
2017-04-21,4.925,10.8875,0.0,0.0,6.75,8.5375,6.3875
2017-04-22,3.4875,1.8,0.0,0.0,5.9,9.3,5.075
2017-04-23,3.425,0.0,0.0,0.0,9.149999999999999,17.7625,2.5
2017-04-24,2.6875,0.0,0.0,0.0,12.3,19.95,3.9
2017-04-25,5.8875,14.512500000000001,0.0,0.0,9.0,11.1125,7.3625
2017-04-26,4.575,8.674999999999999,0.0,0.0,9.3,15.15,8.1125
2017-04-27,2.5375,0.0,0.0,0.0,12.35,18.675,10.775
2017-04-28,3.0875,0.5874999999999999,0.0,0.0,17.299999999999997,25.7125,12.2875
2017-04-29,5.1,0.0,0.0,0.0,21.4,25.55,12.7125
2017-04-30,4.0125,1.65,0.0,0.0,12.100000000000001,15.2,6.45
2017-05-01,3.4625,4.0625,0.0,0.0,8.05,14.225000000000001,6.725
2017-05-02,4.3625,9.9375,0.0,0.0,10.0,18.825,7.3875
2017-05-03,5.7875,0.0375,0.0,0.0,12.1,15.075,5.625
2017-05-04,3.6375,0.0,0.0,0.0,10.45,16.925,2.65
2017-05-05,4.9375,22.5375,0.0,0.0,8.4,10.4875,6.875
2017-05-06,5.55,8.6,0.0,0.0,12.7,18.6625,9.425
2017-05-07,5.5375,2.1375,0.0,0.0,13.0,15.4875,6.5875
2017-05-08,5.2375,0.1,0.0,0.0,8.2,10.7625,3.75
2017-05-09,2.3625,0.0,0.0,0.0,7.1,11.1875,2.1625
2017-05-10,2.5875,0.0625,0.0,0.0,9.0,13.075,4.375
2017-05-11,2.9125,0.0,0.0,0.0,10.0,15.55,5.5375000000000005
2017-05-12,2.9,0.075,0.0,0.0,9.45,15.0625,5.4125000000000005
2017-05-13,3.4749999999999996,12.7375,0.0,0.0,8.850000000000001,12.225,5.2625
2017-05-14,5.875,16.725,0.0,0.0,7.5,11.8125,5.5625
2017-05-15,5.9875,4.925,0.0,0.0,10.25,15.9625,7.775
2017-05-16,4.3375,0.0,0.0,0.0,17.200000000000003,24.6625,8.6125
2017-05-17,4.0874999999999995,0.0,0.0,0.0,23.05,30.55,11.9
2017-05-18,4.9875,2.9,0.0,0.0,27.4,32.2375,16.875
2017-05-19,5.475,0.1375,0.0,0.0,25.05,28.75,12.2875
2017-05-20,3.45,0.0,0.0,0.0,14.6,19.025,7.9
2017-05-21,3.4125,0.0375,0.0,0.0,13.3,19.45,5.7625
2017-05-22,3.2625,4.6625,0.0,0.0,11.2,12.65,8.8125
2017-05-23,2.4,2.0125,0.0,0.0,13.850000000000001,19.9375,9.3875
2017-05-24,2.6125,0.1875,0.0,0.0,15.25,19.725,10.6375
2017-05-25,5.6,11.375,0.0,0.0,11.350000000000001,13.3375,10.0
2017-05-26,3.7125,17.025,0.0,0.0,10.55,14.742857142857144,8.971428571428572
2017-05-27,2.5875,0.0,0.0,0.0,13.7,19.3625,9.7875
2017-05-28,2.8428571428571425,0.0,0.0,0.0,15.0,19.914285714285715,10.414285714285713
2017-05-29,3.6142857142857143,3.0625,0.0,0.0,10.75,12.071428571428571,8.8
2017-05-30,2.8125,1.4875,0.0,0.0,10.55,15.4875,9.45
2017-05-31,2.8375,5.3625,0.0,0.0,14.649999999999999,21.6625,11.3875
2017-06-01,3.8375000000000004,0.9624999999999999,0.0,0.0,17.65,23.2,10.9125
2017-06-02,4.65,0.0375,0.0,0.0,16.549999999999997,20.275,7.7125
2017-06-03,3.6125,0.075,0.0,0.0,14.600000000000001,19.925,6.725
2017-06-04,2.8625000000000003,2.7624999999999997,0.0,0.0,15.65,20.4875,8.2625
2017-06-05,4.6375,17.342857142857145,0.0,0.0,12.2,14.512500000000001,10.8375
2017-06-06,5.375,21.475,0.0,0.0,9.0,10.9,8.3125
2017-06-07,3.0125,0.525,0.0,0.0,12.85,20.425,8.3125
2017-06-08,2.3375,0.0375,0.0,0.0,16.55,23.8125,8.2625
2017-06-09,3.9625,0.7,0.0,0.0,16.95,24.3875,10.362499999999999
2017-06-10,3.8,0.0,0.0,0.0,22.049999999999997,27.35,12.425
2017-06-11,4.7125,0.0,0.0,0.0,24.65,30.425,16.2375
2017-06-12,3.725,0.0,0.0,0.0,27.85,32.85,18.2125
2017-06-13,4.1625,2.85,0.0,0.0,27.6,31.8625,18.4625
2017-06-14,3.125,0.0625,0.0,0.0,21.9,25.2,11.9375
2017-06-15,3.8,0.0375,0.0,0.0,17.299999999999997,23.75,9.85
2017-06-16,4.3125,20.3,0.0,0.0,16.6,20.1375,14.175
2017-06-17,2.5,1.125,0.0,0.0,16.200000000000003,22.7125,14.912500000000001
2017-06-18,4.9375,0.35,0.0,0.0,22.049999999999997,27.375,19.375
2017-06-19,5.55,15.625,0.0,0.0,23.55,27.85,19.65
2017-06-20,4.9875,1.6625,0.0,0.0,23.1,26.6,16.8
2017-06-21,4.3125,0.0,0.0,0.0,22.55,25.8875,15.0
2017-06-22,3.025,0.0,0.0,0.0,21.85,27.0125,12.9
2017-06-23,4.5,0.825,0.0,0.0,24.0,29.5125,17.8375
2017-06-24,4.95,3.55,0.0,0.0,23.950000000000003,27.7875,18.35
2017-06-25,3.525,2.0875,0.0,0.0,22.65,27.15,14.775
2017-06-26,3.4,1.2125,0.0,0.0,19.5,24.5875,13.075
2017-06-27,3.0999999999999996,8.95,0.0,0.0,17.9,22.775,11.6625
2017-06-28,3.9625000000000004,0.0,0.0,0.0,17.45,23.8125,10.825
2017-06-29,4.225,0.0,0.0,0.0,20.1,24.6,13.8125
2017-06-30,4.875,7.5249999999999995,0.0,0.0,22.35,28.2,18.8125
2017-07-01,4.9,2.7,0.0,0.0,23.45,28.6625,19.375
2017-07-02,4.0125,0.825,0.0,0.0,24.85,29.1,19.025
2017-07-03,3.9625,0.0,0.0,0.0,24.45,28.125,14.45
2017-07-04,2.0625,0.0,0.0,0.0,22.85,27.5125,14.174999999999999
2017-07-05,2.625,0.0,0.0,0.0,21.950000000000003,27.5875,13.7
2017-07-06,3.2,0.0,0.0,0.0,21.05,25.975,14.3125
2017-07-07,2.725,9.1875,0.0,0.0,18.55,22.4375,16.4125
2017-07-08,3.5250000000000004,6.387499999999999,0.0,0.0,21.0,27.95,16.3875
2017-07-09,3.9749999999999996,0.0,0.0,0.0,21.65,26.45,15.3
2017-07-10,3.775,0.0375,0.0,0.0,23.1,28.05,14.9375
2017-07-11,2.8125,2.675,0.0,0.0,22.200000000000003,27.3625,18.525
2017-07-12,2.2375,16.6375,0.0,0.0,23.4,28.5375,18.7
2017-07-13,3.4,2.1875,0.0,0.0,18.299999999999997,24.6,14.725
2017-07-14,2.675,0.675,0.0,0.0,15.1,18.25,14.5125
2017-07-15,2.2875,0.425,0.0,0.0,18.75,25.5625,16.3375
2017-07-16,2.4625,0.0,0.0,0.0,22.9,28.4875,16.75
2017-07-17,2.9375,5.7125,0.0,0.0,23.75,28.2625,17.425
2017-07-18,2.475,3.1125,0.0,0.0,22.9,28.5375,18.9625
2017-07-19,2.9875,0.0,0.0,0.0,25.35,30.7,19.3625
2017-07-20,2.675,0.0,0.0,0.0,26.9,31.3,19.1
2017-07-21,3.3499999999999996,0.0,0.0,0.0,25.75,30.5375,18.2125
2017-07-22,1.925,0.0,0.0,0.0,24.5,27.7875,18.5375
2017-07-23,3.475,0.0,0.0,0.0,21.299999999999997,24.65,16.45
2017-07-24,4.887499999999999,22.5125,0.0,0.0,15.55,18.6125,12.975
2017-07-25,2.9125,1.0375,0.0,0.0,14.0,18.25,12.5625
2017-07-26,2.525,0.0,0.0,0.0,18.65,25.0,12.575
2017-07-27,3.4125,2.275,0.0,0.0,18.5,21.8,15.2
2017-07-28,2.6,0.925,0.0,0.0,21.6,26.525,16.475
2017-07-29,4.425,0.825,0.0,0.0,19.0,21.8,13.2
2017-07-30,3.1,0.0,0.0,0.0,19.200000000000003,25.2125,11.675
2017-07-31,2.125,0.0,0.0,0.0,20.950000000000003,28.0625,12.2875
2017-08-01,2.0375,0.0,0.0,0.0,23.6,28.8125,16.5125
2017-08-02,2.2625,15.0,0.0,0.0,23.0,28.675,17.1375
2017-08-03,2.8249999999999997,1.175,0.0,0.0,22.05,28.037499999999998,16.525
2017-08-04,3.7125,0.8875,0.0,0.0,22.75,27.8375,18.325
2017-08-05,3.8125,6.675,0.0,0.0,21.3,24.8625,16.675
2017-08-06,4.9,0.0,0.0,0.0,19.65,23.8875,14.025
2017-08-07,2.8499999999999996,2.65,0.0,0.0,19.65,22.65,13.2625
2017-08-08,2.8125,3.5,0.0,0.0,18.85,23.8125,14.5875
2017-08-09,2.675,1.1124999999999998,0.0,0.0,21.450000000000003,27.5,12.7
2017-08-10,2.2125,0.0,0.0,0.0,22.5,28.0,15.975
2017-08-11,2.475,0.9875,0.0,0.0,21.4,26.325,15.6875
2017-08-12,2.9375,11.575,0.0,0.0,19.65,24.3625,15.975
2017-08-13,3.1375,0.1,0.0,0.0,23.200000000000003,27.4375,17.0125
2017-08-14,1.6125,0.0,0.0,0.0,21.7,25.9875,14.9375
2017-08-15,2.425,3.075,0.0,0.0,21.15,24.5875,16.8
2017-08-16,3.2875,0.0,0.0,0.0,22.549999999999997,27.4875,15.975
2017-08-17,2.0625,0.0,0.0,0.0,21.2,26.1,12.4875
2017-08-18,3.8375,4.6125,0.0,0.0,21.25,25.35,17.1375
2017-08-19,2.925,3.2875,0.0,0.0,22.6,28.05,18.6
2017-08-20,3.9124999999999996,0.0,0.0,0.0,23.05,27.4375,16.8
2017-08-21,2.9,0.0,0.0,0.0,23.6,28.825,15.4125
2017-08-22,4.8625,8.5625,0.0,0.0,24.5,30.287499999999998,18.75
2017-08-23,4.3,1.4625,0.0,0.0,24.0,25.975,15.225
2017-08-24,2.625,0.0,0.0,0.0,20.4,25.0,12.7125
2017-08-25,2.5375,0.0,0.0,0.0,18.9,23.1125,12.0125
2017-08-26,1.8875,0.0,0.0,0.0,17.950000000000003,22.7125,10.15
2017-08-27,2.0875,0.0,0.0,0.0,17.75,23.35,9.9375
2017-08-28,2.3875,0.0,0.0,0.0,17.700000000000003,23.125,10.5375
2017-08-29,2.8125,2.0375,0.0,0.0,16.0,18.75,11.2375
2017-08-30,3.4125,4.4125,0.0,0.0,17.05,22.35,12.15
2017-08-31,3.9499999999999997,0.0,0.0,0.0,18.6,24.1,10.975
2017-09-01,4.7125,0.0,0.0,0.0,14.8,19.0375,7.3625
2017-09-02,2.3875,0.0625,0.0,0.0,14.55,20.4125,5.9
2017-09-03,4.3,19.4875,0.0,0.0,13.8,16.1875,11.1875
2017-09-04,5.275,0.0,0.0,0.0,17.85,25.1375,13.4125
2017-09-05,5.4875,0.725,0.0,0.0,22.1,27.85,17.1625
2017-09-06,2.875,22.1875,0.0,0.0,19.75,21.25,15.4125
2017-09-07,3.8249999999999997,13.0625,0.0,0.0,17.549999999999997,22.275,12.35
2017-09-08,3.2875,0.0625,0.0,0.0,16.4,21.0125,10.625
2017-09-09,2.8875,0.1,0.0,0.0,15.5,20.0625,9.725
2017-09-10,3.0125,0.0,0.0,0.0,16.05,21.05,9.45
2017-09-11,2.8125,0.0,0.0,0.0,17.55,24.0375,8.825
2017-09-12,2.725,0.0,0.0,0.0,20.8,27.1375,11.450000000000001
2017-09-13,2.3249999999999997,0.1,0.0,0.0,20.9,26.5375,12.55
2017-09-14,3.3375,1.6875,0.0,0.0,22.1,25.8375,17.775
2017-09-15,1.8375,2.0625,0.0,0.0,21.5,26.3125,17.849999999999998
2017-09-16,1.1375,0.0375,0.0,0.0,20.450000000000003,26.1125,16.6125
2017-09-17,1.4375,0.0,0.0,0.0,19.799999999999997,26.6125,15.9875
2017-09-18,2.5625,0.125,0.0,0.0,18.1,22.575,16.1625
2017-09-19,4.775,2.4875,0.0,0.0,17.35,20.75,15.7625
2017-09-20,6.4750000000000005,10.8625,0.0,0.0,18.450000000000003,22.425,17.8375
2017-09-21,6.800000000000001,10.1625,0.0,0.0,20.1,22.7125,15.85
2017-09-22,6.550000000000001,3.5,0.0,0.0,16.05,20.075,13.75
2017-09-23,3.3,1.2999999999999998,0.0,0.0,19.05,25.9625,14.25
2017-09-24,1.6125,0.0,0.0,0.0,22.0,29.0875,15.225
2017-09-25,1.7,0.42857142857142855,0.0,0.0,23.1,29.2375,16.8
2017-09-26,1.2125,0.0,0.0,0.0,21.75,28.95,16.7375
2017-09-27,2.525,0.0,0.0,0.0,23.15,29.3,16.6625
2017-09-28,5.175,0.8625,0.0,0.0,22.25,23.325,11.125
2017-09-29,2.6125,0.0625,0.0,0.0,13.55,18.2,6.175
2017-09-30,3.1875,14.1375,0.0,0.0,11.600000000000001,12.7,6.8875
2017-10-01,2.575,0.0,0.0,0.0,11.45,17.85,5.075
2017-10-02,2.3875,0.0,0.0,0.0,14.2,19.8625,5.3
2017-10-03,2.65,0.0,0.0,0.0,13.95,19.4375,6.325
2017-10-04,4.625,0.0,0.0,0.0,15.600000000000001,23.6125,7.8375
2017-10-05,3.9625,0.0,0.0,0.0,20.0,24.7125,13.950000000000001
2017-10-06,1.8499999999999999,0.7749999999999999,0.0,0.0,18.5,21.675,11.4
2017-10-07,3.5374999999999996,0.0,0.0,0.0,18.6,24.1625,14.025
2017-10-08,5.1125,4.8,0.0,0.0,21.200000000000003,23.6875,18.25
2017-10-09,4.6125,9.575,0.0,0.0,21.3,22.775,18.4
2017-10-10,3.65,0.0,0.0,0.0,21.5,24.375,13.875
2017-10-11,3.175,0.6375,0.0,0.0,17.25,20.3375,11.325
2017-10-12,4.5,0.2625,0.0,0.0,12.25,15.425,5.9750000000000005
2017-10-13,3.3625,0.0,0.0,0.0,11.149999999999999,17.3625,5.0
2017-10-14,1.2875,2.725,0.0,0.0,15.1,20.425,11.6125
2017-10-15,5.3375,0.6499999999999999,0.0,0.0,17.4,22.775,12.7875
2017-10-16,5.3375,0.2625,0.0,0.0,14.8,18.2,4.325
2017-10-17,2.9125,0.0,0.0,0.0,7.5,13.4625,0.9500000000000002
2017-10-18,2.9625000000000004,0.0,0.0,0.0,12.65,20.875,4.525
2017-10-19,4.4624999999999995,0.0,0.0,0.0,15.25,21.875,6.575
2017-10-20,4.375,0.0,0.0,0.0,15.8,20.2,9.225
2017-10-21,2.3625,0.0,0.0,0.0,16.8,23.7625,6.3999999999999995
2017-10-22,1.95,0.0,0.0,0.0,16.9,22.9875,7.925
2017-10-23,2.75,0.0,0.0,0.0,13.4,20.0625,8.8875
2017-10-24,7.0375,20.8625,0.0,0.0,18.700000000000003,22.4375,16.9625
2017-10-25,3.6625,21.075,0.0,0.0,18.7,20.0,13.475
2017-10-26,5.125,15.174999999999999,0.0,0.0,13.4,14.8,7.9125
2017-10-27,3.95,0.0,0.0,0.0,9.9,15.6375,5.3375
2017-10-28,3.5125,0.0,0.0,0.0,12.100000000000001,18.8125,4.4625
2017-10-29,5.7625,45.3125,0.0,0.0,14.05,17.35,12.575
2017-10-30,8.1375,22.4,0.0,0.0,13.8,19.0125,7.9375
2017-10-31,4.85,0.0,0.0,0.0,9.65,12.9,3.35
2017-11-01,2.2375,0.7375,0.0,0.0,7.4,10.975,0.95
2017-11-02,3.8874999999999997,0.1625,0.0,0.0,14.05,20.625,9.287500000000001
2017-11-03,5.5125,0.3625,0.0,0.0,17.15,21.5875,7.85
2017-11-04,3.2375,0.0,0.0,0.0,9.0,11.8625,3.2625
2017-11-05,3.9125,0.3125,0.0,0.0,9.600000000000001,15.0,6.2375
2017-11-06,5.1375,2.9125,0.0,0.0,15.45,17.9875,8.175
2017-11-07,3.8499999999999996,2.1375,0.0,0.0,7.4,8.6125,2.1
2017-11-08,3.6,0.7625,0.0,0.0,3.35,7.442857142857143,-0.10000000000000016
2017-11-09,2.425,0.075,0.0,0.0,3.8000000000000003,9.5875,-2.2375
2017-11-10,7.575,0.3625,0.0,0.0,3.1500000000000004,8.525,-5.95
2017-11-11,3.725,0.0,0.0,0.0,-3.5999999999999996,1.825,-7.262499999999999
2017-11-12,1.5,0.0,0.0,0.0,0.7,6.8875,-4.925
2017-11-13,2.65,2.2125,0.0,0.0,3.0,5.8999999999999995,0.26249999999999996
2017-11-14,2.9375,0.1,0.0,0.0,2.35,4.7875,0.3374999999999999
2017-11-15,2.4125,0.0,0.0,0.0,2.85,7.2250000000000005,-0.8374999999999999
2017-11-16,4.3625,8.1875,0.0,0.0,5.0,9.7875,2.25
2017-11-17,6.5125,0.0625,0.0,0.0,4.0,5.35,-2.0875
2017-11-18,3.075,2.0125,0.0,0.0,1.8,8.8875,-4.7
2017-11-19,7.575,7.575,0.0,0.0,9.25,14.3875,1.4500000000000002
2017-11-20,6.35,0.0375,0.0,0.0,2.0,4.725,-0.23750000000000004
2017-11-21,5.6375,0.0,0.0,0.0,5.9,13.7375,-0.8875000000000001
2017-11-22,4.775,10.8625,0.0,0.0,8.100000000000001,9.925,1.475
2017-11-23,3.5125,0.0,0.0,0.0,1.6,4.3,-2.7
2017-11-24,3.125,0.0,0.0,0.0,2.8,9.2875,-2.7125
2017-11-25,4.15,0.0,0.0,0.0,6.75,13.725,1.8125000000000002
2017-11-26,6.05,0.25,0.0,0.0,6.8500000000000005,8.825,0.875
2017-11-27,5.4375,0.0,0.0,0.0,2.5,6.95,-3.7375
2017-11-28,3.5375,0.0,0.0,0.0,-1.6,7.85,-6.575
2017-11-29,6.125,0.0,0.0,0.0,8.600000000000001,14.637500000000001,0.6625
2017-11-30,3.0875,1.15,0.0,0.0,2.4,7.0,-4.425
2017-12-01,3.8125,0.825,0.0,0.0,6.5,9.25,0.3249999999999999
2017-12-02,1.3125,0.0,0.0,0.0,2.75,5.55,-2.4375
2017-12-03,1.2625,0.0,0.0,0.0,2.8,6.0375,-1.4625
2017-12-04,2.05,0.0,0.0,0.0,3.25,7.5625,-1.9375
2017-12-05,5.5625,8.1375,0.0,0.0,4.4,13.725,1.9
2017-12-06,4.9375,7.5625,0.0,0.0,8.8,13.325000000000001,-0.8999999999999999
2017-12-07,4.075,0.0,0.0,0.0,2.05,6.3125,-1.3875000000000002
2017-12-08,2.7625,0.0,0.0,0.0,0.65,3.05,-3.1125
2017-12-09,2.6,11.2875,153.33333333333334,0.0,-0.19999999999999996,1.2125,-1.4500000000000002
2017-12-10,4.175,0.1625,6.333333333333333,65.0,-0.7999999999999999,2.2375,-3.2
2017-12-11,3.2125,0.0,0.0,80.0,-0.4,2.7249999999999996,-2.6125
2017-12-12,4.1,5.8999999999999995,3.3333333333333335,50.0,1.45,4.525,-2.5625
2017-12-13,7.9,0.0,0.0,30.0,-4.05,-1.5499999999999998,-7.9125000000000005
2017-12-14,4.9625,0.075,0.0,30.0,-6.050000000000001,-3.3125,-9.2875
2017-12-15,2.25,0.2875,1.6666666666666667,30.0,-7.4,-3.95,-11.775
2017-12-16,4.8,0.0375,0.0,30.0,-4.550000000000001,-0.9125000000000001,-9.2875
2017-12-17,2.6375,0.0,0.0,30.0,-5.4,-2.5625,-11.5875
2017-12-18,1.725,0.175,0.0,30.0,-3.5,2.3,-6.5874999999999995
2017-12-19,4.7875,0.1,0.0,30.0,3.7,9.2375,0.6500000000000001
2017-12-20,6.375,0.0,0.0,0.0,4.3,6.525,-1.9625000000000001
2017-12-21,3.475,0.0,0.0,0.0,-1.7999999999999998,-0.012500000000000011,-5.1875
2017-12-22,3.3125,1.7999999999999998,7.666666666666667,0.0,-4.25,-0.48750000000000004,-5.4625
2017-12-23,3.5875,13.987499999999999,0.0,0.0,-2.1500000000000004,4.449999999999999,-2.9125
2017-12-24,4.4,0.0,0.0,0.0,1.1,3.2625,-1.1875
2017-12-25,7.175,8.1375,88.0,0.0,-1.5499999999999998,2.1625,-5.6125
2017-12-26,5.75,0.0,0.0,80.0,-5.6,-4.3,-11.5
2017-12-27,4.45,0.0,0.0,80.0,-9.85,-7.525,-15.875
2017-12-28,6.9,0.0,0.0,25.0,-13.7,-12.4,-17.35
2017-12-29,4.0625,0.0,0.0,50.0,-15.45,-10.675,-19.2125
2017-12-30,2.525,0.4375,10.333333333333334,25.0,-12.899999999999999,-8.7375,-17.3375
2017-12-31,5.6625,0.0,0.0,80.0,-12.9,-10.4625,-18.4625
2018-01-01,5.15,0.0,0.0,50.0,-16.15,-11.45,-21.1125
2018-01-02,4.2625,0.0,0.0,25.0,-13.55,-5.3125,-19.175
2018-01-03,2.75,0.0,0.0,25.0,-8.15,-2.7750000000000004,-14.0125
2018-01-04,8.525,22.1375,395.3333333333333,25.0,-5.2,-2.4875000000000003,-9.1625
2018-01-05,10.05,0.0,0.0,430.0,-9.9,-6.925,-15.6875
2018-01-06,8.9375,0.0,0.0,215.0,-14.899999999999999,-12.6875,-18.45
2018-01-07,4.85,0.0,0.0,215.0,-16.45,-8.3125,-22.1375
2018-01-08,5.8625,0.2875,3.3333333333333335,190.0,-5.6,0.7374999999999999,-8.3125
2018-01-09,5.3625,0.0,0.0,180.0,0.09999999999999998,3.6125,-3.7375
2018-01-10,2.9625,0.0,0.0,280.0,-1.95,2.15,-9.9375
2018-01-11,4.9,0.0,0.0,230.0,3.9499999999999997,10.075,-0.025000000000000036
2018-01-12,6.5125,26.875,0.0,80.0,10.15,15.0125,5.8875
2018-01-13,7.7875,15.0125,0.0,0.0,8.399999999999999,14.025,-8.925
2018-01-14,4.425,0.0,0.0,0.0,-8.6,-6.3125,-11.925
2018-01-15,4.225,0.0625,5.25,0.0,-10.3,-5.1375,-12.0625
2018-01-16,1.9625,1.2125,0.0,0.0,-5.050000000000001,-0.22500000000000003,-7.4875
2018-01-17,2.6375,5.5625,66.66666666666667,30.0,-0.75,0.525,-5.1375
2018-01-18,4.2625,0.0,0.0,50.0,-4.1,-2.3,-10.2
2018-01-19,3.4875,0.0,0.0,25.0,-4.2,0.16250000000000003,-8.450000000000001
2018-01-20,5.075,0.0,0.0,15.0,1.9,7.2875,-4.775
2018-01-21,2.3,0.0,0.0,0.0,4.5,7.625,-1.2
2018-01-22,2.425,2.2375,0.0,0.0,1.75,3.5625,-0.65
2018-01-23,4.3,23.8125,0.0,0.0,1.95,8.825,0.5999999999999999
2018-01-24,6.1875,0.0,0.0,0.0,2.1,4.175,-5.8875
2018-01-25,5.925,0.0,0.0,0.0,-5.15,-2.4375,-8.3125
2018-01-26,3.475,0.0,0.0,0.0,-5.3,0.37500000000000006,-10.7875
2018-01-27,6.1875,0.0375,0.0,0.0,1.65,10.2875,-4.65
2018-01-28,3.175,2.1125,0.0,0.0,8.1,9.375,1.7
2018-01-29,4.625,1.2125000000000001,2.75,0.0,2.1,4.449999999999999,-3.2625
2018-01-30,5.75,2.45,75.0,100.0,-3.6500000000000004,-0.16249999999999998,-6.975
2018-01-31,5.025,0.0,0.0,150.0,-5.65,-0.925,-9.7125
2018-02-01,4.4875,1.525,2.6666666666666665,80.0,0.15000000000000002,5.8375,-2.3499999999999996
2018-02-02,7.225,4.4375,28.333333333333332,100.0,-1.8499999999999999,2.15,-12.825
2018-02-03,4.6875,0.0,0.0,50.0,-10.25,-3.1875,-15.2625
2018-02-04,4.6625,14.9625,0.0,50.0,-1.0999999999999999,5.2625,-4.425
2018-02-05,5.85,3.8874999999999997,0.0,0.0,2.7,4.725,-7.95
2018-02-06,2.575,0.1,4.333333333333333,0.0,-4.699999999999999,-0.3125,-9.2875
2018-02-07,3.5625,15.0,48.333333333333336,0.0,-3.4,3.0,-8.8
2018-02-08,4.5625,0.25,0.0,0.0,-2.8000000000000003,-0.9875,-9.1
2018-02-09,3.3625,0.0,0.0,0.0,-5.1,-0.6375000000000001,-11.2625
2018-02-10,4.0125,6.05,0.0,0.0,2.75,8.625,-1.4500000000000002
2018-02-11,3.0,20.1125,0.0,0.0,5.65,8.625,2.225
2018-02-12,5.275,2.35,0.0,0.0,4.35,9.3875,-3.5375
2018-02-13,3.275,0.0,0.0,0.0,-2.65,0.16250000000000003,-6.8625
2018-02-14,3.9875,0.0625,0.0,0.0,0.9,8.1375,-3.525
2018-02-15,2.8875,1.2125000000000001,0.0,0.0,5.0,9.4375,0.049999999999999906
2018-02-16,4.7625,1.625,0.0,0.0,8.7,9.925,-0.38750000000000007
2018-02-17,3.7,4.3875,58.333333333333336,0.0,-0.6000000000000001,2.7875,-5.475
2018-02-18,4.2125,5.525,89.0,150.0,0.65,4.375,-4.85
2018-02-19,4.55,3.7375,0.0,80.0,1.8499999999999999,8.387500000000001,-6.300000000000001
2018-02-20,4.55,0.525,0.0,0.0,12.100000000000001,18.6875,5.85
2018-02-21,5.5375,0.0,0.0,0.0,14.0,21.45,6.3875
2018-02-22,3.2625,2.7875,17.666666666666668,0.0,6.65,9.525,-2.15
2018-02-23,3.3125,5.3375,0.0,0.0,0.19999999999999996,3.8125,-2.825
2018-02-24,4.0125,0.6,0.0,0.0,5.9,10.15,1.2
2018-02-25,4.825,13.75,2.6666666666666665,0.0,2.9,4.0875,0.6000000000000001
2018-02-26,4.1,0.0,0.0,0.0,4.6,9.45,1.2625
2018-02-27,3.8875,0.0,0.0,0.0,5.0,10.5625,-1.8625
2018-02-28,4.125,0.075,0.0,0.0,7.35,14.25,0.6749999999999999
2018-03-01,3.6571428571428575,0.1625,0.0,0.0,8.95,14.7375,2.575
2018-03-02,10.7625,55.925,16.0,0.0,3.6,5.1375,0.6499999999999999
2018-03-03,8.25,3.175,0.0,0.0,3.75,5.4125,1.3499999999999999
2018-03-04,5.8428571428571425,0.475,0.0,0.0,3.1,4.387499999999999,0.17500000000000002
2018-03-05,6.2875,2.225,20.0,15.0,1.9500000000000002,4.875,-1.125
2018-03-06,3.175,0.0,0.0,0.0,0.75,4.65,-3.625
2018-03-07,6.2375,18.0875,200.66666666666666,0.0,0.35,2.1125,-0.7875
2018-03-08,5.4875,8.425,119.33333333333333,180.0,0.0,2.425,-1.6625
2018-03-09,4.8375,0.1,0.0,250.0,-0.95,2.0125,-3.5250000000000004
2018-03-10,7.1875,0.0375,0.0,230.0,0.5,3.2,-1.3125
2018-03-11,4.5625,0.0,0.0,200.0,1.1,4.6,-2.825
2018-03-12,4.25,0.1,0.0,180.0,1.3,4.725,-3.95
2018-03-13,7.9625,24.1375,502.0,125.0,-0.45000000000000007,1.95,-2.2125
2018-03-14,7.175,0.55,2.6666666666666665,240.0,-0.6,2.1,-2.5500000000000003
2018-03-15,7.5,0.1375,2.6666666666666665,380.0,0.8999999999999999,3.9625,-1.2625000000000002
2018-03-16,7.7125,0.0,0.0,330.0,-0.30000000000000004,1.475,-3.8125
2018-03-17,7.4625,0.0,0.0,300.0,-1.9,3.8875,-8.3
2018-03-18,4.875,0.0,0.0,300.0,-6.1,-0.2875000000000001,-11.3
2018-03-19,4.9,0.0,0.0,280.0,-3.5,1.95,-9.0
2018-03-20,3.15,0.0,0.0,250.0,-1.25,3.8875,-8.1
2018-03-21,6.35,2.6625,1.6666666666666667,230.0,-0.04999999999999993,3.0625,-2.5125
2018-03-22,5.65,2.5375,55.0,330.0,2.1500000000000004,6.6125,-0.8500000000000001
2018-03-23,3.5875,0.0,0.0,330.0,2.7,6.675,-2.2750000000000004
2018-03-24,3.4375,0.0375,0.0,140.0,3.3,7.0125,-1.325
2018-03-25,4.5875,1.0875,20.666666666666668,125.0,0.9500000000000001,4.65,-2.775
2018-03-26,3.9,0.0,0.0,250.0,0.75,5.95,-4.375
2018-03-27,3.2,0.0,0.0,200.0,1.75,7.6375,-4.85
2018-03-28,2.3125,0.4,0.0,180.0,5.25,11.45,1.5375
2018-03-29,2.425,1.0,0.0,100.0,6.949999999999999,10.625,1.2999999999999998
2018-03-30,4.825,1.8,0.0,50.0,10.25,13.3375,4.3875
2018-03-31,5.225,0.0,0.0,0.0,7.0,12.275,1.225
2018-04-01,6.7375,0.0,0.0,0.0,7.3500000000000005,11.375,0.125
2018-04-02,2.0375,3.6875,41.666666666666664,0.0,1.2,4.6375,-2.0
2018-04-03,3.4125,10.1625,0.0,0.0,2.0,7.0875,-2.975
2018-04-04,5.75,6.0125,0.0,0.0,5.7,12.575,1.7
2018-04-05,8.5,0.0,0.0,0.0,1.6500000000000001,4.2375,-3.05
2018-04-06,4.0875,5.5625,37.0,0.0,-0.19999999999999996,5.625,-4.9875
2018-04-07,5.1375,1.0375,0.0,0.0,3.3,6.25,-0.8500000000000001
2018-04-08,4.8,0.0375,0.0,0.0,1.1500000000000001,4.7375,-3.25
2018-04-09,3.9625,0.0,0.0,0.0,0.9500000000000001,6.25,-3.5875000000000004
2018-04-10,1.6500000000000001,0.325,0.0,0.0,2.3,4.7375,-1.7374999999999998
2018-04-11,2.725,0.0,0.0,0.0,2.6,8.75,-3.6
2018-04-12,3.7625,2.125,0.0,0.0,5.7,12.925,-0.9125000000000001
2018-04-13,3.575,0.25,0.0,0.0,12.6,18.625,6.05
2018-04-14,5.15,0.0,0.0,0.0,9.2,13.7625,2.2875
2018-04-15,7.4375,4.1875,3.3333333333333335,0.0,0.95,2.7,-0.6375000000000001
2018-04-16,7.425000000000001,40.475,6.666666666666667,0.0,2.3000000000000003,9.4625,0.3375
2018-04-17,6.2625,0.1625,0.0,0.0,6.5,8.2875,1.8625
2018-04-18,5.85,0.1625,0.0,0.0,4.550000000000001,9.2375,0.575
2018-04-19,3.4125,4.3374999999999995,5.0,0.0,3.8499999999999996,5.55,0.9125000000000001
2018-04-20,6.525,0.0375,0.0,0.0,4.6,9.95,0.2375
2018-04-21,4.45,0.0,0.0,0.0,7.1,13.9,-0.07500000000000001
2018-04-22,3.05,0.0,0.0,0.0,9.4,15.625,-0.012500000000000178
2018-04-23,2.9,0.0,0.0,0.0,10.5,17.475,0.6625000000000001
2018-04-24,4.4,0.0,0.0,0.0,11.5,19.1,2.1
2018-04-25,4.0625,18.5375,0.0,0.0,10.0,13.675,8.05
2018-04-26,4.975,3.275,0.0,0.0,13.399999999999999,16.6,7.575
2018-04-27,2.3625,8.7,0.0,0.0,10.25,13.825000000000001,4.9375
2018-04-28,3.475,2.2625,0.0,0.0,12.350000000000001,20.5,7.5
2018-04-29,3.925,3.05,0.0,0.0,11.2,12.5625,3.6
2018-04-30,3.775,3.725,0.0,0.0,5.8,8.6875,2.9875
2018-05-01,2.9749999999999996,0.0375,0.0,0.0,9.850000000000001,19.6375,4.6625
2018-05-02,5.3125,0.0,0.0,0.0,21.4,29.525,9.85
2018-05-03,4.125,1.2249999999999999,0.0,0.0,23.450000000000003,28.7375,12.9125
2018-05-04,5.3375,2.525,0.0,0.0,20.950000000000003,26.1125,16.6
2018-05-05,5.425,0.0,0.0,0.0,18.85,22.3625,11.175
2018-05-06,2.625,7.9,0.0,0.0,15.45,17.075,10.3625
2018-05-07,2.95,0.0,0.0,0.0,12.8,18.537499999999998,7.425000000000001
2018-05-08,2.4625,0.0,0.0,0.0,12.5,21.1125,5.9
2018-05-09,3.0749999999999997,0.0,0.0,0.0,14.850000000000001,22.975,7.65
2018-05-10,4.2125,0.23750000000000002,0.0,0.0,12.55,21.5375,8.875
2018-05-11,4.225,0.0,0.0,0.0,16.15,20.075,8.8375
2018-05-12,2.725,4.7375,0.0,0.0,9.75,10.775,6.8125
2018-05-13,3.0875,0.0,0.0,0.0,9.3,15.537500000000001,6.95
2018-05-14,2.9625,0.0,0.0,0.0,13.45,21.95,9.5625
2018-05-15,3.8000000000000003,15.5375,0.0,0.0,18.549999999999997,26.45,12.15
2018-05-16,2.9625,0.225,0.0,0.0,13.5,17.0,10.35
2018-05-17,1.875,1.4,0.0,0.0,15.25,22.9875,12.025
2018-05-18,4.5,0.0,0.0,0.0,14.3,18.4625,7.1375
2018-05-19,3.4125,7.175,0.0,0.0,9.15,13.762500000000001,6.5249999999999995
2018-05-20,5.0,3.9,0.0,0.0,17.950000000000003,23.4875,12.3625
2018-05-21,2.7875,0.0,0.0,0.0,18.45,24.3875,9.2375
2018-05-22,2.6,1.4125,0.0,0.0,16.35,18.7375,10.075
2018-05-23,3.8875,0.6,0.0,0.0,17.25,26.5375,11.675
2018-05-24,3.7125,0.0,0.0,0.0,17.2,23.0375,9.8625
2018-05-25,5.1625,0.0,0.0,0.0,20.15,28.4125,10.0625
2018-05-26,4.1875,0.125,0.0,0.0,24.4,29.025,14.725
2018-05-27,5.8125,3.3,0.0,0.0,13.2,17.85,9.375
2018-05-28,2.9875,0.65,0.0,0.0,11.0,18.35,9.3
2018-05-29,2.95,0.0,0.0,0.0,20.049999999999997,29.5,12.8375
2018-05-30,3.3625,0.0,0.0,0.0,19.15,24.7875,12.9125
2018-05-31,3.6,0.0,0.0,0.0,18.950000000000003,25.625,10.7625
2018-06-01,2.55,1.7249999999999999,0.0,0.0,20.8,25.5625,17.5625
2018-06-02,3.475,0.0375,0.0,0.0,23.1,27.1375,14.3
2018-06-03,4.95,0.0,0.0,0.0,14.85,18.475,8.95
2018-06-04,4.15,18.95,0.0,0.0,9.9,12.85,7.9125000000000005
2018-06-05,2.7,3.175,0.0,0.0,11.8,17.025,8.1125
2018-06-06,2.7,0.0,0.0,0.0,13.2,18.8875,9.175
2018-06-07,3.5749999999999997,0.0,0.0,0.0,15.15,20.625,9.7125
2018-06-08,2.5,0.0,0.0,0.0,17.75,25.1375,10.4125
2018-06-09,2.55,0.1875,0.0,0.0,21.15,25.6125,12.7875
2018-06-10,2.6625,0.0,0.0,0.0,19.1,22.2125,11.3125
2018-06-11,3.175,0.0,0.0,0.0,15.85,21.325,10.0125
2018-06-12,5.8625,0.0,0.0,0.0,17.35,24.6,9.425
2018-06-13,5.0,0.95,0.0,0.0,18.25,22.2875,12.575
2018-06-14,6.1875,0.0,0.0,0.0,21.05,24.2375,15.137500000000001
2018-06-15,2.75,0.4625,0.0,0.0,15.149999999999999,20.0625,10.775
2018-06-16,3.025,0.0,0.0,0.0,20.1,27.575,10.0
2018-06-17,2.2625,0.0,0.0,0.0,21.549999999999997,29.7125,13.05
2018-06-18,5.2625,10.225,0.0,0.0,23.75,30.912499999999998,16.7375
2018-06-19,4.6,1.4125,0.0,0.0,23.7,26.8125,15.975
2018-06-20,2.3625,0.0,0.0,0.0,21.25,25.5375,12.7
2018-06-21,2.4875000000000003,0.6375,0.0,0.0,21.55,26.325,13.4
2018-06-22,3.3,0.0,0.0,0.0,18.6,24.0375,11.4625
2018-06-23,3.2874999999999996,4.4624999999999995,0.0,0.0,15.75,17.775,13.55
2018-06-24,2.3625,9.8375,0.0,0.0,17.5,24.6625,13.875
2018-06-25,4.075,3.95,0.0,0.0,19.65,23.25,11.175
2018-06-26,3.0875000000000004,0.0,0.0,0.0,18.25,24.925,9.0375
2018-06-27,4.1125,6.3,0.0,0.0,19.700000000000003,23.7,14.1625
2018-06-28,3.975,30.3875,0.0,0.0,20.2,23.7,17.1625
2018-06-29,3.0625,0.0,0.0,0.0,24.35,29.85,18.1875
2018-06-30,2.5625,0.0,0.0,0.0,26.55,31.875,18.0625
2018-07-01,2.4125,0.0,0.0,0.0,27.65,34.0875,20.1875
2018-07-02,2.775,0.0,0.0,0.0,24.450000000000003,31.1125,20.0125
2018-07-03,2.8000000000000003,0.0375,0.0,0.0,27.65,32.9125,20.3625
2018-07-04,2.2875,0.0,0.0,0.0,28.049999999999997,31.8875,20.825
2018-07-05,3.925,0.0,0.0,0.0,27.4,31.6625,21.05
2018-07-06,5.6875,6.7,0.0,0.0,25.65,27.6375,15.1875
2018-07-07,2.675,0.0,0.0,0.0,19.549999999999997,24.662499999999998,10.6125
2018-07-08,2.25,0.0,0.0,0.0,20.95,27.4875,11.8
2018-07-09,3.3875,0.0,0.0,0.0,23.35,29.9375,13.625
2018-07-10,3.2624999999999997,0.3125,0.0,0.0,25.200000000000003,31.475,15.825
2018-07-11,3.2750000000000004,2.6,0.0,0.0,23.1,25.7,14.7375
2018-07-12,2.525,0.0,0.0,0.0,20.75,26.525,12.6375
2018-07-13,2.6375,0.0,0.0,0.0,21.450000000000003,28.1875,14.225000000000001
2018-07-14,2.4375,2.3875,0.0,0.0,20.1,26.662499999999998,15.4
2018-07-15,2.1125,0.8749999999999999,0.0,0.0,22.5,29.1625,19.0125
2018-07-16,2.4,1.975,0.0,0.0,22.75,29.924999999999997,19.0125
2018-07-17,3.5125,38.3875,0.0,0.0,23.95,28.557142857142857,19.82857142857143
2018-07-18,3.6571428571428575,0.2857142857142857,0.0,0.0,22.8,26.571428571428573,15.557142857142859
2018-07-19,2.1,0.0,0.0,0.0,21.25,26.042857142857144,13.0
2018-07-20,2.35,0.0,0.0,0.0,21.75,27.5,13.4125
2018-07-21,3.3875,0.0,0.0,0.0,19.95,24.5,13.525
2018-07-22,4.8875,10.262500000000001,0.0,0.0,20.35,25.8875,17.2125
2018-07-23,4.95,10.9,0.0,0.0,24.35,27.7125,21.9625
2018-07-24,4.775,0.7375,0.0,0.0,25.049999999999997,29.1625,21.95
2018-07-25,5.0875,12.4125,0.0,0.0,24.450000000000003,27.225,21.4
2018-07-26,3.775,11.925,0.0,0.0,23.75,27.4125,20.0125
2018-07-27,2.95,2.971428571428571,0.0,0.0,24.55,30.0625,19.175
2018-07-28,2.8375,2.7125000000000004,0.0,0.0,24.6,28.825,19.3125
2018-07-29,2.9375,0.0,0.0,0.0,23.8,26.9,17.4875
2018-07-30,2.1,0.0,0.0,0.0,22.700000000000003,26.95,15.9
2018-07-31,2.225,0.0,0.0,0.0,22.9,28.05,16.4625
2018-08-01,3.5125,9.4375,0.0,0.0,22.4,26.3375,17.975
2018-08-02,4.3875,1.6500000000000001,0.0,0.0,26.95,31.1,22.0125
2018-08-03,3.1625,8.825,0.0,0.0,26.200000000000003,30.1375,21.675
2018-08-04,3.2125,11.225,0.0,0.0,23.85,27.3,19.8875
2018-08-05,2.1125,0.0,0.0,0.0,24.65,30.5625,18.475
2018-08-06,2.5875,0.0,0.0,0.0,27.35,32.4875,19.875
2018-08-07,3.4499999999999997,4.5874999999999995,0.0,0.0,28.049999999999997,32.3625,21.6625
2018-08-08,2.375,9.7875,0.0,0.0,25.4,29.9125,20.8375
2018-08-09,3.45,1.4,0.0,0.0,25.15,29.637500000000003,20.2625
2018-08-10,2.225,0.225,0.0,0.0,24.55,28.8875,17.975
2018-08-11,2.975,15.462499999999999,0.0,0.0,20.55,21.8125,18.25
2018-08-12,3.025,8.425,0.0,0.0,20.4,24.175,18.925
2018-08-13,3.0,7.9375,0.0,0.0,19.75,22.425,19.0875
2018-08-14,2.375,4.137499999999999,0.0,0.0,21.55,26.9625,19.8
2018-08-15,2.9,0.25,0.0,0.0,23.55,29.5125,19.6375
2018-08-16,3.3125,0.0,0.0,0.0,26.549999999999997,30.3625,20.4125
2018-08-17,2.7125,17.9,0.0,0.0,23.9,29.025,18.8
2018-08-18,3.6,6.262499999999999,0.0,0.0,24.0,27.975,18.725
2018-08-19,4.7125,0.25,0.0,0.0,19.8,23.3125,17.0125
2018-08-20,3.4499999999999997,0.1625,0.0,0.0,19.55,23.8125,15.6125
2018-08-21,3.0375,0.2625,0.0,0.0,18.9,22.925,15.4625
2018-08-22,3.5875,10.2625,0.0,0.0,20.75,26.4625,17.2375
2018-08-23,3.75,0.075,0.0,0.0,20.7,24.3125,14.175
2018-08-24,2.2625,0.0,0.0,0.0,21.15,27.4125,12.5125
2018-08-25,2.725,0.0,0.0,0.0,21.6,26.325,14.5125
2018-08-26,3.2625,0.0,0.0,0.0,21.05,27.0125,14.3125
2018-08-27,2.7874999999999996,0.0,0.0,0.0,24.8,29.512500000000003,19.2875
2018-08-28,3.6625,0.0,0.0,0.0,27.45,32.8375,20.7
2018-08-29,3.7375,0.0375,0.0,0.0,29.55,33.5375,22.85
2018-08-30,3.9375,0.0375,0.0,0.0,26.6,30.275,18.325
2018-08-31,3.6500000000000004,0.0,0.0,0.0,19.85,23.3375,15.0
2018-09-01,2.3125,0.0,0.0,0.0,18.9,24.0875,14.5
2018-09-02,2.8125,0.0,0.0,0.0,21.1,27.55,15.4
2018-09-03,3.5,0.0375,0.0,0.0,25.9,32.0125,20.2875
2018-09-04,2.65,0.0,0.0,0.0,26.95,30.6875,19.5875
2018-09-05,2.8,0.0,0.0,0.0,24.75,31.1875,18.05
2018-09-06,3.1625,5.4125,0.0,0.0,25.9,32.5125,20.9
2018-09-07,2.325,0.3375,0.0,0.0,20.35,22.3625,16.325
2018-09-08,2.95,0.0375,0.0,0.0,17.950000000000003,20.225,11.25
2018-09-09,3.7625,0.0,0.0,0.0,13.95,16.8,10.625
2018-09-10,5.55,26.1375,0.0,0.0,14.7,16.6,12.15
2018-09-11,2.0500000000000003,7.0875,0.0,0.0,18.5,23.9625,15.762500000000001
2018-09-12,2.5625,13.6375,0.0,0.0,19.75,22.1,17.9625
2018-09-13,1.9875,4.512499999999999,0.0,0.0,18.450000000000003,23.0,16.75
2018-09-14,1.725,0.0,0.0,0.0,19.75,24.725,15.975
2018-09-15,1.3625,0.0375,0.0,0.0,19.75,25.975,15.975
2018-09-16,1.65,0.0,0.0,0.0,21.95,28.8875,15.625
2018-09-17,3.0500000000000003,1.0625,0.0,0.0,22.3,27.15,17.275
2018-09-18,2.6375,52.825,0.0,0.0,21.6,24.7875,18.75
2018-09-19,3.675,0.32499999999999996,0.0,0.0,18.15,22.0875,15.2125
2018-09-20,3.275,0.0375,0.0,0.0,15.8,19.725,13.75
2018-09-21,4.8,0.825,0.0,0.0,16.6,20.9,14.1125
2018-09-22,4.7625,2.1,0.0,0.0,19.05,21.6125,10.075
2018-09-23,1.5625,0.0,0.0,0.0,13.399999999999999,16.6,8.125
2018-09-24,4.6375,0.0,0.0,0.0,12.399999999999999,14.0375,8.1375
2018-09-25,4.6625,35.25,0.0,0.0,12.899999999999999,18.55,9.6625
2018-09-26,5.375,9.0,0.0,0.0,22.200000000000003,26.45,17.075
2018-09-27,3.5125,1.3375,0.0,0.0,18.4,20.6375,12.850000000000001
2018-09-28,2.8375,8.2,0.0,0.0,13.8,15.412500000000001,10.6625
2018-09-29,2.75,0.0,0.0,0.0,15.399999999999999,20.9,8.975
2018-09-30,2.025,0.0,0.0,0.0,14.75,19.0875,7.225
2018-10-01,2.775,2.2625,0.0,0.0,14.899999999999999,18.95,11.05
2018-10-02,2.8375,19.97142857142857,0.0,0.0,13.0,16.4,12.6625
2018-10-03,2.0625,5.557142857142857,0.0,0.0,14.05,18.075,11.675
2018-10-04,3.4375,0.1,0.0,0.0,17.1,22.0125,13.4
2018-10-05,3.6125,0.0,0.0,0.0,15.200000000000001,18.325,8.4125
2018-10-06,2.4375,0.125,0.0,0.0,12.1,16.8125,8.55
2018-10-07,3.5125,0.575,0.0,0.0,18.45,24.3125,14.375
2018-10-08,3.025,0.1375,0.0,0.0,13.1,15.2875,11.95
2018-10-09,3.975,0.0,0.0,0.0,18.15,24.375,13.7375
2018-10-10,3.875,0.0,0.0,0.0,22.6,27.2125,17.575
2018-10-11,3.025,22.75,0.0,0.0,18.65,22.1625,15.1875
2018-10-12,5.35,11.4625,0.0,0.0,14.25,17.0125,7.574999999999999
2018-10-13,3.3125,3.675,0.0,0.0,8.75,11.0375,5.075
2018-10-14,3.0124999999999997,0.0,0.0,0.0,8.5,13.7375,3.4875
2018-10-15,5.1125,4.1499999999999995,0.0,0.0,10.85,18.475,3.75
2018-10-16,5.7375,0.6375,0.0,0.0,11.75,13.825,4.5875
2018-10-17,5.3875,0.65,0.0,0.0,8.8,15.275,2.7375
2018-10-18,6.2,0.0625,0.0,0.0,5.0,7.425000000000001,0.75
2018-10-19,5.275,0.0,0.0,0.0,7.199999999999999,15.7,0.3125
2018-10-20,4.9875,0.9,0.0,0.0,12.899999999999999,16.037499999999998,6.75
2018-10-21,5.5625,1.6625,0.0,0.0,7.4,8.9625,0.09999999999999994
2018-10-22,3.275,0.0,0.0,0.0,3.6,9.5125,-1.0749999999999997
2018-10-23,3.0375,4.6375,0.0,0.0,7.7,13.5375,2.85
2018-10-24,4.7375,0.55,0.0,0.0,6.65,8.7375,2.375
2018-10-25,5.4375,0.0,0.0,0.0,4.7,7.85,0.3875
2018-10-26,2.4375,0.0,0.0,0.0,3.0,7.3,-2.0125
2018-10-27,7.8375,26.375,0.0,0.0,6.35,8.55,3.4875
2018-10-28,3.1375,1.0,0.0,0.0,6.8999999999999995,10.625,5.0625
2018-10-29,3.75,8.375,0.0,0.0,8.75,11.875,4.7125
2018-10-30,4.525,0.0375,0.0,0.0,6.1000000000000005,8.325,0.5249999999999999
2018-10-31,3.3125,0.0375,0.0,0.0,5.75,14.375,-1.6625
2018-11-01,2.7625,0.925,0.0,0.0,13.0,15.825000000000001,10.4125
2018-11-02,4.8625,22.275,0.0,0.0,15.149999999999999,19.0375,11.1125
2018-11-03,7.175000000000001,29.325,0.0,0.0,13.45,16.8,6.175000000000001
2018-11-04,3.5124999999999997,0.0,0.0,0.0,7.5,11.175,1.6375
2018-11-05,4.125,7.574999999999999,0.0,0.0,6.3,8.8875,2.65
2018-11-06,3.9125,15.4875,0.0,0.0,8.5,13.5375,7.65
2018-11-07,5.5,0.0,0.0,0.0,13.0,15.5625,7.8625
2018-11-08,3.9875,0.0,0.0,0.0,8.6,11.375,1.7125
2018-11-09,4.425,20.375,0.0,0.0,5.75,8.325,-0.65
2018-11-10,6.9,6.6,0.0,0.0,6.6499999999999995,8.75,0.925
2018-11-11,5.2625,0.0,0.0,0.0,2.35,5.6125,-1.3875
2018-11-12,2.6714285714285713,0.0,0.0,0.0,3.0,8.714285714285714,-2.8000000000000003
2018-11-13,5.785714285714286,28.557142857142853,0.0,0.0,6.65,10.142857142857142,3.042857142857143
2018-11-14,7.0375,0.0375,0.0,0.0,0.9500000000000001,2.6,-5.2625
2018-11-15,3.1,10.875,122.0,0.0,-4.05,-0.08750000000000008,-6.375
2018-11-16,6.7375,12.3375,13.333333333333334,180.0,1.05,5.2,-1.25
2018-11-17,4.925,0.0,0.0,100.0,4.1,7.0,1.825
2018-11-18,2.1875,0.1375,0.0,30.0,2.6999999999999997,3.6750000000000003,-0.3500000000000001
2018-11-19,1.5125000000000002,6.0375,0.0,0.0,2.0500000000000003,4.5,0.3875
2018-11-20,3.5125,7.0125,7.666666666666667,0.0,2.05,3.625,-0.10000000000000003
2018-11-21,6.35,0.175,0.0,0.0,0.7500000000000001,4.225,-6.575
2018-11-22,7.0625,0.0,0.0,0.0,-8.2,-6.4375,-12.2125
2018-11-23,3.9375,0.0,0.0,0.0,-7.7,-1.125,-13.25
2018-11-24,3.95,1.025,0.0,0.0,-0.09999999999999998,5.9625,-5.3375
2018-11-25,3.2125,10.2375,0.0,0.0,5.3,7.775,3.1375
2018-11-26,4.2375,19.3375,0.0,0.0,5.2,6.875,2.5124999999999997
2018-11-27,6.175,9.5875,0.0,0.0,4.55,6.3125,1.325
2018-11-28,6.2375,0.4125,0.0,0.0,2.45,4.1875,0.5125000000000001
2018-11-29,6.4375,0.0,0.0,0.0,3.4000000000000004,5.625,-0.16250000000000003
2018-11-30,2.1,0.0,0.0,0.0,1.6500000000000001,3.8875,-2.1625
2018-12-01,2.1375,0.325,0.0,0.0,1.7000000000000002,5.2125,-1.675
2018-12-02,3.4375,18.7125,0.0,0.0,4.75,8.0625,2.025
2018-12-03,4.625,0.1,0.0,0.0,8.8,11.6625,3.475
2018-12-04,5.325,0.0375,0.0,0.0,2.0500000000000003,3.5375,-4.7875
2018-12-05,1.8875,0.0,0.0,0.0,-2.8499999999999996,1.1125,-7.612500000000001
2018-12-06,3.75,0.1,0.0,0.0,-0.35,3.2874999999999996,-5.2625
2018-12-07,5.5375,0.075,0.0,0.0,0.25,2.1,-6.225
2018-12-08,3.5999999999999996,0.0,0.0,0.0,-5.15,-2.0,-9.7875
2018-12-09,3.55,0.0,0.0,0.0,-3.85,1.2625,-8.3875
2018-12-10,2.9,0.0,0.0,0.0,-1.25,2.775,-7.275
2018-12-11,1.675,0.0,0.0,0.0,-2.85,1.825,-9.6375
2018-12-12,4.125,0.0375,0.0,0.0,-1.05,1.875,-7.125
2018-12-13,2.475,0.1625,0.0,0.0,-4.6,-0.5750000000000001,-8.2375
2018-12-14,2.8375,0.0,0.0,0.0,1.3,7.4375,-3.2375000000000003
2018-12-15,3.5124999999999997,0.225,0.0,0.0,8.0,10.6875,2.375
2018-12-16,5.475,14.125,0.0,0.0,3.85,4.7875,1.2249999999999999
2018-12-17,5.7375,1.45,0.0,0.0,2.5,4.1875,0.5125
2018-12-18,8.2625,0.1625,2.0,0.0,-1.75,1.0875,-6.3875
2018-12-19,2.8625000000000003,0.0,0.0,0.0,-2.6999999999999997,4.0125,-7.7375
2018-12-20,2.5,1.5499999999999998,0.0,0.0,2.8,7.9125,-4.775
2018-12-21,6.6,35.1375,0.0,0.0,9.850000000000001,16.7375,4.7125
2018-12-22,7.4125,1.15,0.0,0.0,9.2,12.9125,0.925
2018-12-23,4.4375,0.0,0.0,0.0,1.1,2.85,-2.475
2018-12-24,2.5375,0.3375,0.0,0.0,-0.09999999999999998,2.85,-1.9375
2018-12-25,4.4875,0.0,0.0,0.0,0.6000000000000001,2.225,-4.7125
2018-12-26,3.6,0.0,0.0,0.0,-1.9000000000000001,2.3625,-6.9875
2018-12-27,3.1875,0.0,0.0,0.0,0.0,2.1,-3.4375
2018-12-28,4.675,10.2625,0.0,0.0,3.5500000000000003,10.0875,-0.3125
2018-12-29,6.1125,0.0,0.0,0.0,8.45,10.6875,-1.4625
2018-12-30,2.075,0.0,0.0,0.0,-1.2,1.2625,-4.9875
2018-12-31,3.5124999999999997,11.1125,0.0,0.0,1.0,4.9375,-4.025
2019-01-01,7.1,6.775,0.0,0.0,6.65,12.3625,-0.6625000000000001
2019-01-02,2.9125,0.0,0.0,0.0,-0.7999999999999999,1.25,-4.8375
2019-01-03,4.45,0.275,1.6666666666666667,0.0,1.3,5.7,-1.05
2019-01-04,3.8375,0.0,0.0,0.0,2.8,6.95,-1.675
2019-01-05,3.5124999999999997,16.1,0.0,0.0,3.35,5.0,0.25
2019-01-06,6.05,0.1875,0.0,0.0,2.35,5.7625,-5.3125
2019-01-07,4.4,0.0,0.0,0.0,-5.449999999999999,-2.475,-9.15
2019-01-08,3.1,2.3499999999999996,1.6666666666666667,0.0,-1.2000000000000002,4.0875,-3.725
2019-01-09,6.6875,5.25,0.0,0.0,2.9000000000000004,5.3375,-0.23750000000000004
2019-01-10,7.2125,0.0375,0.0,0.0,-0.09999999999999987,0.32499999999999996,-5.325
2019-01-11,7.0875,0.0,0.0,0.0,-5.3,-3.4625,-10.8125
2019-01-12,4.4625,0.0,0.0,0.0,-8.25,-3.325,-11.7875
2019-01-13,2.7750000000000004,0.0,0.0,0.0,-7.25,-2.9875,-11.2375
2019-01-14,3.275,0.0,0.0,0.0,-4.55,-0.9125000000000001,-9.787500000000001
2019-01-15,2.575,0.0,0.0,0.0,-2.95,0.9374999999999999,-9.2875
2019-01-16,4.9,0.0,0.0,0.0,-1.8,2.775,-6.65
2019-01-17,2.9875,0.0,0.0,0.0,-4.45,-1.875,-10.475
2019-01-18,2.825,0.2625,0.0,0.0,-1.75,3.1125,-5.75
2019-01-19,3.6625,2.7874999999999996,33.333333333333336,0.0,-1.4000000000000001,0.23749999999999993,-4.3
2019-01-20,7.4375,25.075,71.0,100.0,-4.2,-0.3374999999999999,-15.1125
2019-01-21,8.1375,0.0,0.0,100.0,-15.45,-14.5625,-19.15
2019-01-22,4.8125,0.0,0.0,80.0,-11.55,-4.6875,-17.075
2019-01-23,5.262499999999999,0.8714285714285713,0.0,80.0,-3.0,7.025,-10.675
2019-01-24,8.425,39.112500000000004,0.0,0.0,10.0,13.25,0.2499999999999999
2019-01-25,5.2875,0.0,0.0,0.0,1.7,2.375,-5.2625
2019-01-26,2.725,0.0,0.0,0.0,-3.4000000000000004,-0.5875,-8.6
2019-01-27,4.45,0.1,0.0,0.0,-0.5000000000000001,5.7,-7.7
2019-01-28,3.875,0.0,0.0,0.0,-1.3,0.8249999999999998,-8.15
2019-01-29,3.75,2.8875,17.0,0.0,-4.85,-0.5,-8.175
2019-01-30,6.2125,3.4125,36.666666666666664,0.0,-2.35,0.1499999999999999,-16.0125
2019-01-31,5.275,0.0,0.0,30.0,-14.100000000000001,-10.3375,-19.425
2019-02-01,4.1875,0.0,0.0,0.0,-11.7,-7.275,-17.0875
2019-02-02,4.4625,0.0,0.0,0.0,-7.85,0.31249999999999994,-16.725
2019-02-03,2.6624999999999996,0.0,0.0,0.0,-0.09999999999999998,4.875,-2.55
2019-02-04,3.2125,0.0,0.0,0.0,6.4,14.6375,-0.4375
2019-02-05,4.275,0.275,0.0,0.0,9.45,14.725,1.6875
2019-02-06,3.4625000000000004,10.8625,0.0,0.0,2.7,5.2125,-1.85
2019-02-07,3.825,4.975,0.0,0.0,1.3499999999999999,4.387499999999999,0.8625
2019-02-08,5.7,4.1375,0.0,0.0,4.449999999999999,10.35,-2.7875
2019-02-09,8.1625,0.0,0.0,0.0,-2.6500000000000004,-0.25,-6.175
2019-02-10,4.325,0.0,0.0,0.0,-3.5,0.18749999999999994,-7.05
2019-02-11,3.2625,0.0,0.0,0.0,-1.75,1.4,-5.4624999999999995
2019-02-12,4.775,16.2875,78.66666666666667,0.0,-5.5,-0.15000000000000002,-9.0
2019-02-13,5.4,5.3999999999999995,6.333333333333333,50.0,0.95,4.0875,-2.0125
2019-02-14,5.125,0.0,0.0,15.0,-0.4,2.7,-3.7375
2019-02-15,5.0125,1.4125,0.0,30.0,2.8000000000000003,9.425,-2.9125
2019-02-16,5.275,0.0375,0.0,0.0,3.45,4.6,-3.7875
2019-02-17,2.7874999999999996,0.7749999999999999,1.25,0.0,-2.45,1.525,-7.5375
2019-02-18,3.625,6.2125,102.33333333333333,50.0,-2.2,-0.37500000000000006,-8.0875
2019-02-19,4.8625,0.0,0.0,50.0,-6.05,-2.0125,-11.5125
2019-02-20,2.6,2.8499999999999996,17.666666666666668,100.0,-5.8,-2.2125,-11.0875
2019-02-21,5.25,6.1125,23.0,100.0,-0.19999999999999996,6.825,-4.35
2019-02-22,4.075,0.0,0.0,80.0,3.45,4.8625,-1.7375
2019-02-23,1.7125,0.0,0.0,50.0,0.15000000000000002,3.5374999999999996,-5.800000000000001
2019-02-24,5.6875,10.6125,0.0,50.0,2.0500000000000003,5.825,-0.10000000000000003
2019-02-25,11.775,0.36250000000000004,0.0,0.0,1.9,3.4125,-3.8
2019-02-26,8.7,0.0,0.0,0.0,-4.1,-2.7125,-9.0125
2019-02-27,3.1125,1.6624999999999999,32.666666666666664,0.0,-8.65,-5.8125,-12.55
2019-02-28,2.8625,2.2624999999999997,59.333333333333336,33.333333333333336,-6.1,-2.2125000000000004,-10.8875
2019-03-01,1.6500000000000001,0.0375,0.0,25.0,-2.8499999999999996,2.4875,-9.425
2019-03-02,3.825,6.387499999999999,65.33333333333333,15.0,-1.05,1.5374999999999999,-2.4375
2019-03-03,2.7625,2.875,31.333333333333332,100.0,0.65,4.45,-2.8375
2019-03-04,5.675,18.1125,273.3333333333333,480.0,0.45000000000000007,2.3625,-6.7875000000000005
2019-03-05,4.0,0.0,0.0,410.0,-5.65,-2.075,-11.5875
2019-03-06,5.975,0.0,0.0,360.0,-7.0,-4.625,-11.725
2019-03-07,4.8375,0.0,0.0,300.0,-8.35,-3.375,-13.85
2019-03-08,3.7,0.0,0.0,280.0,-5.1,1.6,-12.637500000000001
2019-03-09,2.5,0.0,0.0,250.0,-0.10000000000000003,6.5375,-9.0
2019-03-10,4.875,8.9625,29.666666666666668,230.0,0.04999999999999993,3.5125,-2.275
2019-03-11,6.4625,0.0,0.0,200.0,4.25,7.6375,0.525
2019-03-12,5.85,0.0,0.0,150.0,2.35,4.3125,-3.0999999999999996
2019-03-13,2.3875,0.0,0.0,100.0,0.75,5.75,-5.875
2019-03-14,3.6125,0.0,0.0,80.0,4.3,10.5625,1.25
2019-03-15,5.7125,4.2875,0.0,50.0,10.0,16.175,4.8
2019-03-16,7.625,0.0,0.0,0.0,7.699999999999999,9.725,-0.31250000000000006
2019-03-17,5.9125,0.0,0.0,0.0,1.0,3.475,-2.9625
2019-03-18,4.0,0.0,0.0,0.0,-0.09999999999999987,4.8,-5.0625
2019-03-19,3.5749999999999997,0.0,0.0,0.0,1.6,6.3125,-4.5875
2019-03-20,3.4375,0.0,0.0,0.0,3.4,10.2125,-4.15
2019-03-21,4.45,0.4375,0.0,0.0,4.6,8.6125,-0.1625
2019-03-22,7.25,15.55,0.0,0.0,3.5999999999999996,5.0125,1.4000000000000001
2019-03-23,8.8625,1.6125,43.0,50.0,2.6,5.575,-1.525
2019-03-24,5.3,0.0,0.0,0.0,4.9,12.375,-2.225
2019-03-25,3.9375,0.0,0.0,0.0,6.35,8.75,-1.3375
2019-03-26,4.05,0.0,0.0,0.0,1.65,5.8125,-4.575
2019-03-27,3.05,0.0,0.0,0.0,1.3499999999999999,6.75,-5.5375000000000005
2019-03-28,5.2125,0.0375,0.0,0.0,3.75,11.1,-2.6875
2019-03-29,3.65,2.2624999999999997,0.0,0.0,7.9,11.25,4.925
2019-03-30,4.85,0.0,0.0,0.0,10.4,18.6625,5.1375
2019-03-31,7.0,4.6,0.0,0.0,12.4,16.6625,2.075
2019-04-01,6.5625,0.0,0.0,0.0,3.4000000000000004,5.9625,-2.8375000000000004
2019-04-02,3.9499999999999997,0.95,0.0,0.0,3.45,10.0,-5.2
2019-04-03,7.5,10.6375,0.0,0.0,7.25,15.5625,2.15
2019-04-04,7.5875,0.0,0.0,0.0,5.8,9.0375,0.5249999999999999
2019-04-05,3.1500000000000004,3.425,0.0,0.0,2.9499999999999997,6.875,-2.775
2019-04-06,3.175,1.6749999999999998,0.0,0.0,6.9,15.8875,1.1375
2019-04-07,3.0625,0.0,0.0,0.0,11.45,18.15,1.9749999999999999
2019-04-08,3.9749999999999996,9.6,0.0,0.0,7.0,11.0375,2.4875
2019-04-09,3.4625,4.3,0.0,0.0,2.25,7.2125,1.1875
2019-04-10,5.15,0.0375,0.0,0.0,3.85,7.425,-0.8375
2019-04-11,2.9625,0.0,0.0,0.0,3.95,10.075,-1.6625
2019-04-12,3.7375,3.875,0.0,0.0,7.199999999999999,12.775,2.575
2019-04-13,5.0125,7.2749999999999995,0.0,0.0,15.7,21.4625,10.1875
2019-04-14,3.1125000000000003,2.4,0.0,0.0,15.3,21.05,8.525
2019-04-15,7.0875,21.525000000000002,0.0,0.0,13.0,18.95,5.0625
2019-04-16,7.8,0.0,0.0,0.0,8.1,13.6125,3.325
2019-04-17,3.1625,0.0,0.0,0.0,9.45,15.9875,1.0125000000000002
2019-04-18,5.1875,0.3875,0.0,0.0,7.699999999999999,14.0875,3.4
2019-04-19,7.8375,1.65,0.0,0.0,17.9,22.5,12.4875
2019-04-20,7.199999999999999,13.825,0.0,0.0,18.6,20.275,13.1375
2019-04-21,3.25,1.3624999999999998,0.0,0.0,15.3,18.475,10.075000000000001
2019-04-22,3.875,30.4375,0.0,0.0,12.25,17.0875,8.5375
2019-04-23,3.95,4.3125,0.0,0.0,11.100000000000001,17.15,8.6125
2019-04-24,4.9,0.5375,0.0,0.0,12.05,16.9375,5.7
2019-04-25,2.9625,0.0,0.0,0.0,9.95,16.725,3.5375
2019-04-26,5.300000000000001,25.787499999999998,0.0,0.0,8.45,11.2375,6.4125
2019-04-27,7.55,9.45,0.0,0.0,7.85,11.0375,4.7125
2019-04-28,3.85,1.5999999999999999,0.0,0.0,7.15,9.9125,3.475
2019-04-29,3.4625000000000004,0.3875,0.0,0.0,8.9,14.4375,1.4124999999999999
2019-04-30,2.35,4.3,0.0,0.0,8.3,10.6875,3.5375
2019-05-01,2.75,0.225,0.0,0.0,9.100000000000001,12.7875,4.0875
2019-05-02,2.9375,1.7999999999999998,0.0,0.0,7.9,11.3125,6.8125
2019-05-03,2.475,4.775,0.0,0.0,8.05,13.6875,6.8
2019-05-04,1.875,2.1875,0.0,0.0,11.45,15.8375,9.8625
2019-05-05,3.025,4.575,0.0,0.0,10.15,12.3625,9.1
2019-05-06,4.0,0.9,0.0,0.0,10.8,17.775,6.525
2019-05-07,3.8375,1.65,0.0,0.0,13.6,21.8,6.4625
2019-05-08,3.3875,0.0375,0.0,0.0,14.100000000000001,18.325,6.675
2019-05-09,3.7125,0.075,0.0,0.0,10.850000000000001,16.3875,4.3
2019-05-10,4.8375,1.95,0.0,0.0,11.65,17.6375,8.9
2019-05-11,4.4875,0.0375,0.0,0.0,15.8,18.825,8.9625
2019-05-12,2.85,14.4125,0.0,0.0,8.2,10.6875,3.9375
2019-05-13,5.025,13.8125,0.0,0.0,7.5,11.7375,4.225
2019-05-14,3.45,3.175,0.0,0.0,5.7,9.8,3.8625
2019-05-15,3.3625,0.5125,0.0,0.0,9.15,15.7625,5.2
2019-05-16,2.5875,0.1625,0.0,0.0,13.149999999999999,19.5125,6.825
2019-05-17,2.9375,3.9375,0.0,0.0,12.65,18.6125,8.325
2019-05-18,3.6,0.0,0.0,0.0,15.850000000000001,21.725,8.1875
2019-05-19,5.1375,2.8,0.0,0.0,15.25,23.6875,8.8875
2019-05-20,5.45,3.5374999999999996,0.0,0.0,21.4,27.0625,14.25
2019-05-21,7.3375,0.0,0.0,0.0,17.05,19.3,10.75
2019-05-22,4.4375,0.0,0.0,0.0,15.1,20.275,7.8375
2019-05-23,5.0875,6.5375,0.0,0.0,14.350000000000001,20.6125,10.15
2019-05-24,6.2125,0.1,0.0,0.0,17.15,21.1,9.6625
2019-05-25,3.7875,3.5,0.0,0.0,15.7,22.7875,7.7
2019-05-26,4.887499999999999,2.4124999999999996,0.0,0.0,19.85,28.35,11.3875
2019-05-27,3.3875,0.0,0.0,0.0,20.6,24.6375,11.6625
2019-05-28,4.3,9.2375,0.0,0.0,13.05,15.075000000000001,8.4
2019-05-29,3.1125,1.6875,0.0,0.0,9.600000000000001,14.95,7.9125000000000005
2019-05-30,2.725,4.325,0.0,0.0,12.600000000000001,18.475,10.7625
2019-05-31,3.2875,2.1999999999999997,0.0,0.0,17.4,23.4625,12.0875
2019-06-01,2.525,0.5125,0.0,0.0,16.4,22.9875,10.05
2019-06-02,3.1,5.6000000000000005,0.0,0.0,15.149999999999999,22.775,11.8125
2019-06-03,5.85,0.25,0.0,0.0,15.95,19.4625,9.025
2019-06-04,3.8625,0.075,0.0,0.0,14.65,19.925,6.8125
2019-06-05,4.75,4.1625,0.0,0.0,20.2,26.3125,13.4625
2019-06-06,3.6500000000000004,4.95,0.0,0.0,20.9,24.875,14.7375
2019-06-07,2.5375,0.0,0.0,0.0,20.4,25.775,13.05
2019-06-08,2.9875,0.0,0.0,0.0,20.1,25.2375,11.8625
2019-06-09,2.6875,0.0,0.0,0.0,19.049999999999997,25.7,9.725
2019-06-10,3.825,5.9,0.0,0.0,18.3,24.6625,10.95
2019-06-11,5.1625,16.0125,0.0,0.0,20.1,23.2625,13.1875
2019-06-12,3.175,0.0,0.0,0.0,18.549999999999997,23.75,10.075
2019-06-13,4.3,13.65,0.0,0.0,13.2,14.928571428571429,10.414285714285715
2019-06-14,5.225,0.1,0.0,0.0,15.45,21.025,10.4875
2019-06-15,5.3625,0.1625,0.0,0.0,19.75,26.0375,11.5875
2019-06-16,2.8625000000000003,10.475,0.0,0.0,19.15,20.2,16.3375
2019-06-17,2.475,0.0,0.0,0.0,19.65,23.95,15.7625
2019-06-18,1.575,2.1125,0.0,0.0,18.65,21.285714285714285,15.485714285714286
2019-06-19,2.3875,0.475,0.0,0.0,18.4,24.685714285714287,16.757142857142856
2019-06-20,2.9125,4.8,0.0,0.0,18.549999999999997,22.3,17.0125
2019-06-21,3.925,9.85,0.0,0.0,19.1,22.2875,14.725
2019-06-22,4.3125,1.625,0.0,0.0,20.35,25.3375,13.1875
2019-06-23,4.7375,0.0,0.0,0.0,21.85,27.7875,12.775
2019-06-24,2.7624999999999997,0.0,0.0,0.0,22.7,27.925,13.875
2019-06-25,2.75,12.2625,0.0,0.0,19.2,23.0625,15.5625
2019-06-26,2.1,3.8125,0.0,0.0,21.35,27.15,16.4
2019-06-27,2.4375,0.0,0.0,0.0,20.5,27.2875,15.262500000000001
2019-06-28,2.325,0.0,0.0,0.0,22.8,30.2625,15.475
2019-06-29,2.7875,9.6875,0.0,0.0,24.2,27.85,18.875
2019-06-30,3.7875,4.2375,0.0,0.0,21.1,24.5875,15.8375
2019-07-01,3.475,0.0,0.0,0.0,21.0,27.925,15.212499999999999
2019-07-02,3.05,0.0,0.0,0.0,23.75,27.5125,17.7875
2019-07-03,1.8,0.0,0.0,0.0,25.7,30.4125,17.4875
2019-07-04,1.9,0.0,0.0,0.0,25.6,30.55,17.825
2019-07-05,3.075,0.0,0.0,0.0,25.9,30.4125,18.15
2019-07-06,3.5875,15.15,0.0,0.0,26.05,31.6625,21.6625
2019-07-07,3.0749999999999997,0.0,0.0,0.0,22.45,26.1125,15.7125
2019-07-08,1.9625,0.0,0.0,0.0,21.35,26.5875,13.4625
2019-07-09,2.3375,0.0,0.0,0.0,23.85,29.4375,14.5125
2019-07-10,2.05,0.0,0.0,0.0,25.200000000000003,30.75,16.675
2019-07-11,3.525,4.7625,0.0,0.0,23.5,27.9125,18.0
2019-07-12,3.0,12.325,0.0,0.0,22.95,28.55,20.4875
2019-07-13,3.125,0.0,0.0,0.0,24.1,29.1,18.8875
2019-07-14,3.9875,0.0,0.0,0.0,26.1,29.9375,19.225
2019-07-15,3.4125,0.0,0.0,0.0,23.9,27.7375,16.6
2019-07-16,2.8125,0.0375,0.0,0.0,24.2,30.4875,15.575
2019-07-17,3.3375,14.0125,0.0,0.0,26.15,30.75,21.6125
2019-07-18,3.2,0.4714285714285714,0.0,0.0,21.65,23.7375,18.525
2019-07-19,3.0125,0.0,0.0,0.0,23.25,31.7375,18.3375
2019-07-20,3.5625000000000004,0.6142857142857142,0.0,0.0,29.6,33.7625,23.3375
2019-07-21,4.4875,0.0,0.0,0.0,29.75,33.5625,22.5625
2019-07-22,3.2375,25.225,0.0,0.0,24.95,26.6,17.775
2019-07-23,3.075,19.6625,0.0,0.0,18.299999999999997,22.6375,16.25
2019-07-24,2.25,0.0375,0.0,0.0,20.85,25.975,15.55
2019-07-25,2.075,0.0,0.0,0.0,22.200000000000003,26.95,14.8625
2019-07-26,1.9,0.0,0.0,0.0,23.200000000000003,28.6125,15.274999999999999
2019-07-27,2.6,0.0,0.0,0.0,22.75,28.4625,16.1125
2019-07-28,3.325,1.4625,0.0,0.0,24.549999999999997,30.912499999999998,17.3625
2019-07-29,2.975,0.075,0.0,0.0,26.799999999999997,31.325,20.6375
2019-07-30,2.925,0.7374999999999999,0.0,0.0,27.549999999999997,32.725,20.4875
2019-07-31,2.65,9.6,0.0,0.0,25.65,29.9125,19.5125
2019-08-01,2.4,0.0,0.0,0.0,24.5,28.9625,15.5
2019-08-02,2.0625,0.0,0.0,0.0,23.85,28.2625,15.075
2019-08-03,3.1625,0.8374999999999999,0.0,0.0,23.15,28.0,17.7
2019-08-04,2.3625,0.0,0.0,0.0,23.65,28.1875,17.0125
2019-08-05,2.1875,0.0,0.0,0.0,21.7,26.5125,13.8875
2019-08-06,2.275,0.0,0.0,0.0,20.799999999999997,26.5875,14.65
2019-08-07,3.5,23.0125,0.0,0.0,22.950000000000003,28.3375,18.4625
2019-08-08,4.0625,4.3625,0.0,0.0,23.5,28.9,18.7625
2019-08-09,4.2,0.0,0.0,0.0,23.25,27.575,17.0
2019-08-10,4.65,0.04285714285714286,0.0,0.0,21.4,25.1375,14.725
2019-08-11,3.8,0.0,0.0,0.0,19.95,25.55,12.5
2019-08-12,3.4,0.07142857142857142,0.0,0.0,22.700000000000003,28.3625,14.3875
2019-08-13,3.2625,0.6142857142857142,0.0,0.0,23.55,25.625,19.725
2019-08-14,2.475,0.1142857142857143,0.0,0.0,21.35,25.9625,16.175
2019-08-15,2.35,0.4714285714285714,0.0,0.0,19.950000000000003,26.3125,14.7875
2019-08-16,2.55,0.42857142857142855,0.0,0.0,20.6,26.675,15.975
2019-08-17,2.625,3.1142857142857143,0.0,0.0,20.8,27.15,18.4625
2019-08-18,2.275,3.5,0.0,0.0,23.05,30.0625,19.3125
2019-08-19,3.3625,0.4428571428571429,0.0,0.0,25.6,31.7375,19.85
2019-08-20,2.0625,0.0,0.0,0.0,24.450000000000003,29.5875,17.3625
2019-08-21,3.5125,9.428571428571429,0.0,0.0,23.25,28.4625,18.125
2019-08-22,3.1875,0.15714285714285717,0.0,0.0,24.55,32.6375,19.2375
2019-08-23,2.8125,0.18571428571428572,0.0,0.0,22.9,25.0625,15.3375
2019-08-24,3.3375,0.04285714285714286,0.0,0.0,19.1,23.125,12.0125
2019-08-25,3.9875,0.04285714285714286,0.0,0.0,17.3,21.95,11.6
2019-08-26,2.8875,0.0,0.0,0.0,16.55,23.05,9.1125
2019-08-27,2.2,0.0,0.0,0.0,17.950000000000003,23.571428571428573,10.385714285714286
2019-08-28,2.9285714285714284,22.350000000000005,0.0,0.0,19.25,25.485714285714288,15.700000000000001
2019-08-29,3.7125,1.6714285714285713,0.0,0.0,22.35,27.075,15.35
2019-08-30,3.5875,0.0,0.0,0.0,22.6,27.9375,12.9
2019-08-31,2.8125,0.0,0.0,0.0,21.9,25.2,13.825
2019-09-01,2.65,0.0,0.0,0.0,18.85,22.775,11.8
2019-09-02,3.1375,22.285714285714285,0.0,0.0,18.6,23.35,15.2125
2019-09-03,2.2875,0.0,0.0,0.0,20.65,25.325,14.637500000000001
2019-09-04,4.4875,4.371428571428572,0.0,0.0,21.2,27.225,15.6875
2019-09-05,2.525,0.0,0.0,0.0,18.3,21.25,11.45
2019-09-06,4.45,4.285714285714286,0.0,0.0,16.25,19.175,11.7375
2019-09-07,5.2625,1.8714285714285717,0.0,0.0,16.4,21.825,11.3875
2019-09-08,3.55,0.0,0.0,0.0,18.15,22.7375,12.0875
2019-09-09,1.8375,0.0,0.0,0.0,17.700000000000003,22.1625,10.8875
2019-09-10,2.5625,0.0,0.0,0.0,17.75,22.1625,13.325
2019-09-11,4.3375,0.0,0.0,0.0,22.35,28.400000000000002,18.275
2019-09-12,3.2625,5.8500000000000005,0.0,0.0,18.700000000000003,20.7625,10.6875
2019-09-13,3.5375,0.0,0.0,0.0,14.7,19.65,8.55
2019-09-14,4.1375,4.575,0.0,0.0,15.0,20.0,9.7875
2019-09-15,3.275,0.0625,0.0,0.0,20.75,24.9375,15.5
2019-09-16,3.0,0.0,0.0,0.0,18.8,22.225,10.8375
2019-09-17,3.1125,0.0,0.0,0.0,16.45,20.9,8.8375
2019-09-18,3.4250000000000003,0.0625,0.0,0.0,14.200000000000001,17.9,7.225
2019-09-19,2.0875,0.0,0.0,0.0,13.100000000000001,20.0,4.375
2019-09-20,2.4,0.0,0.0,0.0,16.8,24.7875,5.9
2019-09-21,1.9125,0.0,0.0,0.0,21.45,27.8375,11.9375
2019-09-22,3.275,0.0,0.0,0.0,22.15,28.625,12.2375
2019-09-23,4.95,1.05,0.0,0.0,23.95,30.25,18.2625
2019-09-24,4.2125,3.625,0.0,0.0,20.7,23.1875,12.5625
2019-09-25,2.8,0.0,0.0,0.0,16.5,22.4375,10.0875
2019-09-26,3.475,6.6125,0.0,0.0,18.2,25.4875,10.975
2019-09-27,2.575,0.0,0.0,0.0,16.3,21.8625,9.1
2019-09-28,4.125,0.0,0.0,0.0,18.5,25.9125,11.25
2019-09-29,3.65,0.0375,0.0,0.0,19.799999999999997,22.725,10.55
2019-09-30,3.075,0.35,0.0,0.0,13.5,17.9875,8.6625
2019-10-01,4.25,1.775,0.0,0.0,15.850000000000001,21.925,12.775
2019-10-02,4.35,5.0,0.0,0.0,20.5,24.587500000000002,10.5375
2019-10-03,3.6,2.7874999999999996,0.0,0.0,10.65,11.757142857142856,8.4875
2019-10-04,5.0625,1.45,0.0,0.0,11.25,15.0,4.6375
2019-10-05,2.3,0.0,0.0,0.0,8.7,14.5875,1.075
2019-10-06,4.5,0.1,0.0,0.0,11.45,19.025,3.1375
2019-10-07,5.7,8.8,0.0,0.0,20.700000000000003,23.05,14.375
2019-10-08,2.9125,1.5,0.0,0.0,14.85,17.3375,9.7875
2019-10-09,5.725,2.3375,0.0,0.0,11.8,13.6875,8.8125
2019-10-10,7.0625,8.737499999999999,0.0,0.0,11.45,15.399999999999999,9.575
2019-10-11,7.2,8.8875,0.0,0.0,11.25,14.65,8.975
2019-10-12,3.8625,1.0625,0.0,0.0,11.45,15.314285714285713,9.6
2019-10-13,2.2875,0.0375,0.0,0.0,13.3,18.95,6.9375
2019-10-14,2.7,1.5875,0.0,0.0,13.4,19.912499999999998,6.4624999999999995
2019-10-15,2.5375,0.0,0.0,0.0,12.2,15.975,4.025
2019-10-16,5.2,23.05,0.0,0.0,10.85,15.825,3.0
2019-10-17,9.7,41.775,0.0,0.0,11.45,14.5875,8.35
2019-10-18,6.15,0.0375,0.0,0.0,10.6,13.4125,5.9
2019-10-19,2.6875,0.0,0.0,0.0,8.899999999999999,14.5875,1.7
2019-10-20,1.7,1.0875,0.0,0.0,10.35,14.9375,2.3375
2019-10-21,3.2375000000000003,0.38749999999999996,0.0,0.0,12.5,17.6375,6.9624999999999995
2019-10-22,4.1625,4.6375,0.0,0.0,10.85,14.5125,8.125
2019-10-23,4.0625,7.671428571428571,0.0,0.0,14.3,18.400000000000002,6.6
2019-10-24,3.8625,0.0,0.0,0.0,12.899999999999999,19.0375,3.6875
2019-10-25,1.675,0.21250000000000002,0.0,0.0,12.7,16.2625,6.95
2019-10-26,2.3125,0.11249999999999999,0.0,0.0,11.45,15.200000000000001,5.55
2019-10-27,5.1375,34.15,0.0,0.0,9.4,11.6625,7.725
2019-10-28,3.1625,0.5,0.0,0.0,10.100000000000001,13.8375,9.0875
2019-10-29,2.175,0.48750000000000004,0.0,0.0,10.4,13.6875,9.5125
2019-10-30,1.9375,1.8875,0.0,0.0,13.55,17.925,11.487499999999999
2019-10-31,7.35,10.8625,0.0,0.0,16.95,20.9625,14.775
2019-11-01,8.6,6.3,0.0,0.0,14.350000000000001,21.025,3.0125
2019-11-02,1.9625,0.0,0.0,0.0,5.35,10.0125,-0.6375000000000001
2019-11-03,3.5124999999999997,0.0,0.0,0.0,6.8500000000000005,11.6625,0.41249999999999987
2019-11-04,3.1875,0.0,0.0,0.0,6.75,11.25,-1.1102230246251565e-16
2019-11-05,3.275,4.525,0.0,0.0,9.4,13.3875,5.075
2019-11-06,3.8000000000000003,0.0,0.0,0.0,8.45,10.5625,0.2124999999999999
2019-11-07,4.025,7.075,0.0,0.0,7.5,11.7625,0.1875
2019-11-08,6.0625,0.1875,0.0,0.0,1.4000000000000001,3.1375,-4.3625
2019-11-09,3.1,0.0,0.0,0.0,-1.5,3.742857142857143,-6.3428571428571425
2019-11-10,4.0375,0.0,0.0,0.0,3.25,9.928571428571429,-0.8
2019-11-11,3.0,0.0,0.0,0.0,6.95,10.5625,2.925
2019-11-12,5.7875,2.35,1.0,0.0,3.15,7.0874999999999995,-6.0875
2019-11-13,5.5625,0.0,0.0,0.0,-4.95,-2.0875,-9.0875
2019-11-14,2.425,0.0,0.0,0.0,-3.0,3.75,-8.6
2019-11-15,4.325,0.1,0.0,0.0,4.25,9.9375,-2.0124999999999997
2019-11-16,4.975,0.0,0.0,0.0,0.55,3.2125,-5.4875
2019-11-17,4.375,0.0,0.0,0.0,-2.0500000000000003,3.475,-6.025
2019-11-18,5.5625,3.9000000000000004,0.0,0.0,2.25,5.35,1.6
2019-11-19,1.7,9.05,0.0,0.0,4.35,5.9125,2.7125
2019-11-20,3.8875,2.35,0.0,0.0,3.65,4.25,1.825
2019-11-21,3.2,0.075,0.0,0.0,3.75,8.35,-0.6375
2019-11-22,6.4125,3.3,0.0,0.0,6.85,10.75,1.075
2019-11-23,4.0,0.0,0.0,0.0,2.7,6.7375,-1.3375
2019-11-24,5.975,31.3875,0.0,0.0,3.65,6.525,1.6125
2019-11-25,4.0,0.0,0.0,0.0,5.949999999999999,10.15,1.4125
2019-11-26,2.9375,0.0,0.0,0.0,8.2,15.2125,0.11249999999999999
2019-11-27,3.0,5.1875,0.0,0.0,7.800000000000001,10.975,1.15
2019-11-28,8.275,2.375,0.0,0.0,6.550000000000001,8.6875,0.11249999999999999
2019-11-29,6.675,0.0,0.0,0.0,0.95,3.7,-2.1375
2019-11-30,5.7125,0.0,0.0,0.0,-1.35,1.825,-5.95
2019-12-01,3.75,15.6375,133.66666666666666,0.0,-4.05,0.5999999999999999,-8.05
2019-12-02,7.699999999999999,9.862499999999999,62.0,130.0,0.5499999999999998,2.3125,-1.8624999999999998
2019-12-03,6.3375,6.525,119.33333333333333,180.0,-1.6,1.15,-4.425
2019-12-04,2.7875,0.0,0.0,180.0,-0.35,2.5749999999999997,-4.8
2019-12-05,5.8875,0.0,0.0,130.0,1.8499999999999999,4.575,-3.3375
2019-12-06,3.8249999999999997,1.075,11.0,130.0,-1.05,2.85,-4.5125
2019-12-07,4.2,0.0,0.0,130.0,-1.9499999999999997,-0.025000000000000022,-9.3
2019-12-08,3.55,0.0,0.0,130.0,-3.9000000000000004,3.05,-13.1
2019-12-09,5.5,16.9875,0.0,100.0,5.8,12.3625,2.3875
2019-12-10,5.5125,5.675,0.0,80.0,12.7,13.1375,2.6625
2019-12-11,4.1375,5.042857142857143,107.66666666666667,80.0,1.0,2.5875,-4.225
2019-12-12,3.325,0.0,0.0,100.0,-3.35,-1.1125,-7.5375
2019-12-13,3.3625,3.925,0.0,0.0,-0.8999999999999999,5.425,-6.1
2019-12-14,5.6125,36.0,0.0,0.0,8.0,13.4625,4.45
2019-12-15,9.1625,0.075,0.0,0.0,7.199999999999999,8.175,-1.325
2019-12-16,3.7624999999999997,0.0,0.0,0.0,-0.9500000000000001,0.11249999999999999,-3.825
2019-12-17,3.3875,11.9625,33.0,0.0,-2.35,0.6,-3.9375
2019-12-18,5.2,0.225,7.0,0.0,-0.8999999999999999,1.4249999999999998,-7.6
2019-12-19,7.5375,0.0,0.0,0.0,-8.1,-6.375,-12.675
2019-12-20,4.6,0.0,0.0,0.0,-7.1000000000000005,-2.45,-11.3875
2019-12-21,1.75,0.0,0.0,0.0,-3.7,-0.03749999999999998,-10.5
2019-12-22,3.0875,0.0,0.0,0.0,0.34999999999999987,4.6375,-6.175
2019-12-23,4.2125,0.0,0.0,0.0,5.5,11.8125,-3.2
2019-12-24,3.875,0.0,0.0,0.0,5.6,7.025,-3.6125
2019-12-25,1.4375,0.0,0.0,0.0,1.0,4.95,-4.9875
2019-12-26,2.6125,0.0,0.0,0.0,1.25,4.4375,-2.425
2019-12-27,4.2625,0.325,0.0,0.0,3.6,8.9625,0.5
2019-12-28,4.625,0.0,0.0,0.0,6.75,8.0,-0.9125000000000001
2019-12-29,2.075,5.512499999999999,0.0,0.0,2.5,5.55,-2.425
2019-12-30,6.7375,29.1875,26.0,0.0,1.6500000000000001,2.6375,0.375
2019-12-31,4.2,3.6375,0.0,0.0,1.9999999999999998,4.175,0.5249999999999999
2020-01-01,5.875,0.0375,0.0,0.0,1.9499999999999997,3.1999999999999997,0.15000000000000002
2020-01-02,4.4125,0.0,0.0,0.0,2.15,7.15,-1.8875
2020-01-03,2.4,0.0,0.0,0.0,6.25,7.8625,3.1375
2020-01-04,2.225,4.25,0.0,0.0,5.9,6.525,2.3000000000000003
2020-01-05,6.7625,2.0,4.333333333333333,0.0,2.05,2.925,-3.1125
2020-01-06,2.5125,0.275,1.6666666666666667,0.0,-1.1500000000000001,2.575,-4.4875
2020-01-07,3.175,0.5857142857142856,3.3333333333333335,0.0,1.4000000000000001,3.8875,-2.5125
2020-01-08,5.9625,1.325,3.6666666666666665,30.0,1.0499999999999998,4.1,-4.7875
2020-01-09,4.5625,0.0,0.0,0.0,-4.25,-1.6,-8.95
2020-01-10,5.6,0.1,0.0,0.0,1.3,8.8375,-4.3125
2020-01-11,7.3999999999999995,0.0,0.0,0.0,12.9,18.05,7.3625
2020-01-12,7.7375,2.925,0.0,0.0,16.7,19.575,0.9375
2020-01-13,2.6375,0.075,0.0,0.0,2.3499999999999996,3.475,-0.65
2020-01-14,2.2875,0.2125,0.0,0.0,2.65,5.3,0.7
2020-01-15,3.3375,0.0,0.0,0.0,5.0,8.4875,-0.9750000000000001
2020-01-16,6.5625,3.4875,5.0,0.0,3.25,5.9125,-3.7375
2020-01-17,7.5625,0.0,0.0,0.0,-6.1499999999999995,-3.6,-11.0875
2020-01-18,3.1875,7.512499999999999,83.66666666666667,0.0,-9.3,-2.3000000000000003,-11.85
2020-01-19,5.675,0.4375,1.6666666666666667,80.0,-1.0499999999999998,4.575,-6.5
2020-01-20,5.5625,0.0,0.0,50.0,-5.65,-3.5125,-10.4125
2020-01-21,2.8625,0.0,0.0,50.0,-6.8500000000000005,-3.3125,-12.762500000000001
2020-01-22,1.9375,0.0,0.0,50.0,-4.15,1.325,-11.5375
2020-01-23,2.1375,0.0,0.0,50.0,1.05,6.25,-9.5625
2020-01-24,2.5125,0.0,0.0,50.0,3.85,8.0625,-3.9
2020-01-25,5.5,15.5875,0.0,0.0,3.75,7.0125,1.6125
2020-01-26,4.75,0.275,0.0,0.0,6.0,7.5125,1.75
2020-01-27,4.675,0.0375,0.0,0.0,3.7,5.775,1.25
2020-01-28,4.8,0.0,0.0,0.0,2.9,3.1375,-0.23750000000000004
2020-01-29,4.6375,0.0375,0.0,0.0,0.65,2.9124999999999996,-4.925
2020-01-30,2.25,0.0,0.0,0.0,-3.25,1.2125,-9.075
2020-01-31,2.325,0.0375,0.0,0.0,0.0,4.5,-7.2125
2020-02-01,1.6,0.2625,2.6666666666666665,0.0,1.85,3.4749999999999996,-0.5750000000000001
2020-02-02,2.575,0.0,0.0,0.0,2.35,4.2375,-1.125
2020-02-03,3.225,0.0375,0.0,0.0,3.0500000000000003,7.1625,-2.5125
2020-02-04,2.05,0.0,0.0,0.0,4.05,8.1125,-1.7874999999999999
2020-02-05,2.95,0.925,0.0,0.0,3.8,4.875,-1.7375
2020-02-06,4.525,10.8375,8.0,0.0,0.5499999999999999,2.9875,-1.45
2020-02-07,6.75,9.9,0.0,0.0,1.8,6.95,-4.025
2020-02-08,5.775,0.0,0.0,0.0,-2.55,-0.36250000000000004,-7.625
2020-02-09,2.1375,0.0625,0.0,0.0,-4.199999999999999,1.075,-9.625
2020-02-10,4.8375,6.65,0.0,0.0,3.6999999999999997,5.825,0.46249999999999997
2020-02-11,2.425,4.725,0.0,0.0,4.25,4.775,1.675
2020-02-12,4.8875,0.0375,0.0,0.0,3.15,5.15,0.18749999999999994
2020-02-13,2.8625,14.3625,20.333333333333332,15.0,2.25,3.5375,0.575
2020-02-14,6.1875,0.0,0.0,0.0,-1.5,1.825,-12.1375
2020-02-15,3.3499999999999996,0.0,0.0,0.0,-8.75,-2.0125,-14.9875
2020-02-16,3.8625,0.1,0.0,0.0,-0.45000000000000007,4.7125,-4.1625
2020-02-17,3.4125,0.0,0.0,0.0,3.1999999999999997,5.8375,-4.1
2020-02-18,3.875,7.725,0.0,0.0,0.6,3.9125,-3.7375
2020-02-19,6.85,0.0,0.0,0.0,3.5500000000000003,5.35,-3.2750000000000004
2020-02-20,4.6375,0.0,0.0,0.0,-2.55,-0.65,-7.25
2020-02-21,3.325,0.0,0.0,0.0,-5.4,-0.7875000000000001,-11.525
2020-02-22,4.5875,0.0,0.0,0.0,0.5,6.175,-6.65
2020-02-23,3.1125,0.0,0.0,0.0,5.1,10.9625,-3.55
2020-02-24,3.1,0.0,0.0,0.0,7.1000000000000005,15.075,-3.3375
2020-02-25,1.8375,3.0374999999999996,0.0,0.0,7.75,11.1125,3.4
2020-02-26,3.4250000000000003,1.4625,0.0,0.0,6.55,8.2625,3.9625
2020-02-27,8.725,18.5,0.0,0.0,5.4,8.9,-2.0124999999999997
2020-02-28,6.5375,0.0,0.0,0.0,-0.65,1.9625,-4.4375
2020-02-29,5.0,0.0,0.0,0.0,-2.5,0.5249999999999999,-7.475
2020-03-01,4.45,0.0,0.0,0.0,-5.1,0.6375000000000001,-9.0125
2020-03-02,4.4875,0.0,0.0,0.0,1.5499999999999998,12.425,-5.675
2020-03-03,4.3375,2.4625,0.0,0.0,9.7,15.575,5.0625
2020-03-04,8.1,0.675,0.0,0.0,7.45,9.375,3.0625
2020-03-05,4.3,0.0,0.0,0.0,5.15,9.525,-1.3875000000000002
2020-03-06,4.7,0.2,2.6666666666666665,0.0,3.75,8.5375,-3.075
2020-03-07,7.25,0.1375,4.333333333333333,30.0,1.65,5.475,-3.6625
2020-03-08,4.1375,0.0,0.0,0.0,3.5500000000000003,11.7375,-3.8
2020-03-09,4.9125,0.0,0.0,0.0,12.2,20.4,2.5375
2020-03-10,5.175,1.1375,0.0,0.0,12.6,17.925,5.7625
2020-03-11,3.55,0.0,0.0,0.0,9.3,11.1875,1.2625
2020-03-12,3.2624999999999997,0.3,0.0,0.0,3.8499999999999996,7.9875,-0.325
2020-03-13,6.5,9.0875,0.0,0.0,7.35,15.425,3.4625
2020-03-14,6.625,0.0,0.0,0.0,6.15,9.4625,2.15
2020-03-15,4.1375,0.0,0.0,0.0,4.1,7.7,-2.275
2020-03-16,3.9,0.0,0.0,0.0,-0.75,4.3875,-5.55
2020-03-17,3.975,2.6,6.0,0.0,1.6,8.4625,-0.6375
2020-03-18,3.35,0.0,0.0,0.0,5.7,11.4625,-0.3
2020-03-19,4.6,16.825,0.0,0.0,4.15,6.8875,2.7249999999999996
2020-03-20,5.7875,1.4625,0.0,0.0,8.149999999999999,18.125,3.75
2020-03-21,5.3875,0.0,0.0,0.0,7.949999999999999,10.275,-2.0125
2020-03-22,3.3285714285714287,0.0,0.0,0.0,-0.9,3.8249999999999997,-6.042857142857144
2020-03-23,5.0375,24.35,49.333333333333336,0.0,-0.7,3.125,-2.4125
2020-03-24,4.0875,3.7750000000000004,0.0,0.0,3.4000000000000004,7.6375,-0.6375000000000001
2020-03-25,4.1,0.4875,0.0,0.0,3.15,5.9875,-0.5125
2020-03-26,3.7625,0.0625,0.0,0.0,4.25,11.8,-1.7249999999999999
2020-03-27,4.75,0.0375,0.0,0.0,10.25,15.6125,2.3
2020-03-28,2.4875,5.675,0.0,0.0,7.3,11.1125,-0.775
2020-03-29,5.9,13.6625,0.0,0.0,5.3,7.275,3.75
2020-03-30,5.2,3.0875,0.0,0.0,3.45,5.75,2.3
2020-03-31,3.725,0.4125,0.0,0.0,2.3,6.8625,-0.85
2020-04-01,4.5,0.1625,0.0,0.0,2.3,8.4125,-1.3875000000000002
2020-04-02,7.5,4.2749999999999995,0.0,0.0,5.0,9.225000000000001,2.3625000000000003
2020-04-03,7.7625,19.825,0.0,0.0,5.5,7.9750000000000005,4.025
2020-04-04,4.3,1.25,0.0,0.0,5.6,11.0375,4.175
2020-04-05,2.875,0.0,0.0,0.0,7.1,13.2625,4.8625
2020-04-06,3.975,0.0,0.0,0.0,9.75,15.5,3.5375
2020-04-07,3.8625000000000003,0.0625,0.0,0.0,10.5,16.675,4.5875
2020-04-08,2.6375,2.625,0.0,0.0,8.1,11.7375,4.025
2020-04-09,6.15,15.887500000000001,0.0,0.0,6.25,9.1625,2.2375
2020-04-10,8.0125,0.9375,0.0,0.0,4.75,8.0625,2.3625
2020-04-11,6.6,0.0,0.0,0.0,4.9,9.7375,1.1375
2020-04-12,4.1875,0.0,0.0,0.0,7.45,15.5,-1.45
2020-04-13,8.6625,27.0625,0.0,0.0,12.3,15.8375,9.4375
2020-04-14,4.45,0.0,0.0,0.0,10.600000000000001,12.8375,5.275
2020-04-15,4.0125,0.825,0.0,0.0,7.15,9.725,0.6
2020-04-16,4.95,0.35,0.0,0.0,3.8499999999999996,7.4375,-0.5
2020-04-17,5.4624999999999995,1.3125,0.0,0.0,3.6,8.8875,-0.8500000000000001
2020-04-18,3.8249999999999997,12.0125,82.0,100.0,2.5,5.0,-0.050000000000000044
2020-04-19,5.5875,0.0,0.0,80.0,6.800000000000001,15.4875,-0.7750000000000001
2020-04-20,3.6,0.0,0.0,0.0,8.25,11.375,0.6499999999999999
2020-04-21,5.8375,8.8625,0.0,0.0,5.35,10.8375,-1.1875
2020-04-22,8.6125,0.0375,0.0,0.0,2.55,6.3875,-0.5125
2020-04-23,4.5875,0.0,0.0,0.0,4.7,11.2625,-0.8374999999999999
2020-04-24,3.3875,7.25,0.0,0.0,5.5,8.325,2.5749999999999997
2020-04-25,2.575,0.0,0.0,0.0,8.5,16.4625,1.75
2020-04-26,5.175,7.3125,0.0,0.0,7.25,10.5,3.1875
2020-04-27,6.7,9.9,0.0,0.0,3.8000000000000003,6.1875,2.3
2020-04-28,4.0875,0.1625,0.0,0.0,5.4,11.8875,2.35
2020-04-29,3.8625,0.0,0.0,0.0,7.5,14.65,0.6749999999999999
2020-04-30,5.4625,6.800000000000001,0.0,0.0,7.050000000000001,10.9625,5.4875
2020-05-01,3.9125,19.5875,0.0,0.0,11.600000000000001,17.7125,9.5
2020-05-02,5.3125,0.225,0.0,0.0,13.350000000000001,20.1375,6.3375
2020-05-03,4.1125,0.0,0.0,0.0,17.7,23.9625,10.975
2020-05-04,5.6,0.225,0.0,0.0,16.4,19.7375,7.2875
2020-05-05,4.8,0.0,0.0,0.0,9.45,14.375,3.875
2020-05-06,2.7,0.6375,0.0,0.0,8.2,13.7625,1.5
2020-05-07,4.2,0.35,0.0,0.0,10.1,16.8875,3.0749999999999997
2020-05-08,4.85,4.2625,0.0,0.0,9.5,13.6125,4.025
2020-05-09,8.825,2.0875,6.0,0.0,3.7,6.4,0.575
2020-05-10,6.45,0.0,0.0,0.0,6.1,14.3125,0.7
2020-05-11,4.2875,4.225,0.0,0.0,9.95,15.4,3.0125
2020-05-12,6.9375,0.0375,0.0,0.0,8.0,12.075000000000001,3.0625
2020-05-13,5.6125,0.0,0.0,0.0,7.8,14.2375,0.5249999999999999
2020-05-14,3.75,0.0,0.0,0.0,12.7,20.15,1.9625000000000001
2020-05-15,4.075,12.2875,0.0,0.0,16.15,25.0875,10.775
2020-05-16,4.7625,1.175,0.0,0.0,17.1,21.2625,10.1375
2020-05-17,2.975,0.0375,0.0,0.0,12.9,19.025,9.4375
2020-05-18,2.6625,0.325,0.0,0.0,13.35,17.4875,8.3125
2020-05-19,4.7375,0.0,0.0,0.0,10.95,16.25,6.3125
2020-05-20,3.0625,0.0,0.0,0.0,11.45,18.45,4.7125
2020-05-21,3.5875,0.0,0.0,0.0,14.350000000000001,23.4,3.9
2020-05-22,4.55,0.0,0.0,0.0,18.55,26.25,9.6625
2020-05-23,4.8125,7.6875,0.0,0.0,17.1,22.3,8.55
2020-05-24,4.2,0.0,0.0,0.0,10.45,18.45,6.8
2020-05-25,2.9,0.1,0.0,0.0,11.3,20.2875,9.025
2020-05-26,2.3875,0.0,0.0,0.0,16.65,26.95,13.4
2020-05-27,3.9875,0.0,0.0,0.0,21.450000000000003,27.9875,15.0875
2020-05-28,4.6625,0.35,0.0,0.0,20.7,24.45,16.875
2020-05-29,6.2875,0.6124999999999999,0.0,0.0,21.95,26.1,19.3
2020-05-30,4.875,1.225,0.0,0.0,21.700000000000003,24.3625,15.200000000000001
2020-05-31,5.4125,0.0625,0.0,0.0,16.6,18.25,6.65
2020-06-01,3.425,0.0,0.0,0.0,11.7,17.5,4.5125
2020-06-02,2.525,0.3875,0.0,0.0,13.2,20.1375,6.5
2020-06-03,3.2375,0.19999999999999998,0.0,0.0,18.5,25.2625,12.3625
2020-06-04,3.5125,0.0,0.0,0.0,22.65,29.525,14.8625
2020-06-05,3.9125,2.3428571428571425,0.0,0.0,22.049999999999997,26.5875,17.9875
2020-06-06,4.185714285714286,8.357142857142858,0.0,0.0,23.450000000000003,28.885714285714283,14.114285714285714
2020-06-07,4.457142857142857,0.0,0.0,0.0,16.4,20.642857142857142,11.271428571428572
2020-06-08,3.314285714285714,0.0,0.0,0.0,17.95,25.157142857142855,9.457142857142857
2020-06-09,2.4857142857142853,0.0,0.0,0.0,19.65,26.814285714285713,13.428571428571429
2020-06-10,4.271428571428571,0.0,0.0,0.0,18.25,23.17142857142857,14.9
2020-06-11,5.0125,12.842857142857143,0.0,0.0,19.5,24.0125,16.95
2020-06-12,3.5875,0.2857142857142857,0.0,0.0,22.0,26.525,15.075
2020-06-13,3.675,0.0,0.0,0.0,17.5,20.625,9.525
2020-06-14,3.425,0.0,0.0,0.0,15.0,20.9,7.85
2020-06-15,2.8375,0.0,0.0,0.0,15.05,21.2375,10.0125
2020-06-16,2.625,0.0,0.0,0.0,17.299999999999997,24.175,9.6625
2020-06-17,2.1625,0.0,0.0,0.0,18.65,26.6,10.075000000000001
2020-06-18,2.9000000000000004,0.0,0.0,0.0,21.85,28.8875,13.6
2020-06-19,3.7624999999999997,0.0,0.0,0.0,24.049999999999997,29.1625,18.3375
2020-06-20,3.275,0.125,0.0,0.0,25.35,31.175,17.3625
2020-06-21,2.35,3.3375000000000004,0.0,0.0,25.6,31.175,17.9125
2020-06-22,2.4125,0.0,0.0,0.0,21.25,28.4,17.2375
2020-06-23,3.6875,0.0,0.0,0.0,23.299999999999997,30.075,17.7
2020-06-24,3.5375,5.175,0.0,0.0,23.55,28.02857142857143,17.714285714285715
2020-06-25,3.15,0.6,0.0,0.0,23.3,28.4125,15.9125
2020-06-26,2.9875,0.0625,0.0,0.0,23.25,28.05,15.8875
2020-06-27,2.2875,4.5375,0.0,0.0,22.25,25.2125,15.275
2020-06-28,2.45,24.625,0.0,0.0,21.049999999999997,27.1,16.5375
2020-06-29,2.1999999999999997,8.25,0.0,0.0,19.25,24.1625,16.9375
2020-06-30,1.8875,2.8249999999999997,0.0,0.0,18.0,22.7125,16.675
2020-07-01,1.95,3.7,0.0,0.0,19.2,24.7875,16.25
2020-07-02,2.35,2.7624999999999997,0.0,0.0,21.950000000000003,30.1375,15.8375
2020-07-03,3.5875,4.7625,0.0,0.0,22.299999999999997,25.7,17.45
2020-07-04,2.325,0.0375,0.0,0.0,19.35,27.075,16.125
2020-07-05,2.5625,2.8625,0.0,0.0,21.8,28.5375,16.6625
2020-07-06,2.9,0.0,0.0,0.0,20.85,26.6125,16.175
2020-07-07,3.5625,0.0375,0.0,0.0,20.35,25.35,16.125
2020-07-08,3.8375,0.2625,0.0,0.0,22.75,28.875,18.725
2020-07-09,2.8375,0.0,0.0,0.0,25.3,31.3875,20.05
2020-07-10,3.875,3.3375,0.0,0.0,23.35,27.5,20.0625
2020-07-11,5.6625,1.8250000000000002,0.0,0.0,24.799999999999997,29.799999999999997,21.525
2020-07-12,4.8,0.7124999999999999,0.0,0.0,25.55,29.925,20.9
2020-07-13,2.7125,2.55,0.0,0.0,24.55,28.5375,19.4375
2020-07-14,3.0375,2.7624999999999997,0.0,0.0,22.1,26.875,17.7
2020-07-15,3.1375,0.3875,0.0,0.0,19.049999999999997,24.025,15.625
2020-07-16,3.575,0.0,0.0,0.0,18.700000000000003,23.8875,15.4125
2020-07-17,3.1875,7.1125,0.0,0.0,17.700000000000003,23.825,14.8
2020-07-18,2.375,0.0,0.0,0.0,24.45,31.2625,17.5125
2020-07-19,4.1375,0.0,0.0,0.0,27.25,33.325,18.675
2020-07-20,4.375,0.07142857142857142,0.0,0.0,27.299999999999997,31.95,21.6125
2020-07-21,3.2,0.0,0.0,0.0,26.8,31.0375,18.8
2020-07-22,2.525,9.942857142857141,0.0,0.0,23.65,28.325,18.95
2020-07-23,2.5375,7.528571428571429,0.0,0.0,24.0,30.2125,20.0875
2020-07-24,1.9375,0.0,0.0,0.0,23.5,27.8375,18.6625
2020-07-25,2.1375,0.0,0.0,0.0,24.5,30.1375,17.425
2020-07-26,4.35,0.0,0.0,0.0,26.3,31.475,19.3875
2020-07-27,4.15,0.42857142857142855,0.0,0.0,28.5,33.675,21.037499999999998
2020-07-28,3.85,1.5285714285714287,0.0,0.0,29.0,31.599999999999998,20.3625
2020-07-29,2.975,1.2428571428571427,0.0,0.0,25.9,31.325,17.5
2020-07-30,2.8125,1.842857142857143,0.0,0.0,25.05,30.0,19.85
2020-07-31,1.925,0.0,0.0,0.0,24.05,28.662499999999998,18.05
2020-08-01,2.3375,0.0,0.0,0.0,24.4,30.5,17.0875
2020-08-02,4.1125,6.528571428571429,0.0,0.0,24.15,28.825,20.275
2020-08-03,4.3375,0.32857142857142857,0.0,0.0,27.05,30.7625,21.875
2020-08-04,5.514285714285714,8.799999999999999,0.0,0.0,23.9,27.057142857142857,20.62857142857143
2020-08-05,3.957142857142857,0.0,0.0,0.0,25.1,30.37142857142857,18.571428571428573
2020-08-06,2.1125000000000003,0.0,0.0,0.0,23.35,27.7875,15.7
2020-08-07,2.025,0.2875,0.0,0.0,21.6,25.6125,16.725
2020-08-08,1.975,1.725,0.0,0.0,21.9,28.125,18.2625
2020-08-09,3.0375,1.0125,0.0,0.0,24.25,30.6375,18.2375
2020-08-10,2.925,0.1,0.0,0.0,26.25,32.15,19.375
2020-08-11,3.9000000000000004,1.5875,0.0,0.0,27.1,32.625,20.4125
2020-08-12,2.9125,0.1375,0.0,0.0,26.5,31.5875,20.4125
2020-08-13,2.1625,0.0,0.0,0.0,25.85,30.2,18.5
2020-08-14,2.7375,0.0,0.0,0.0,23.45,29.3,17.7
2020-08-15,4.4125,0.1,0.0,0.0,19.95,23.325,16.05
2020-08-16,4.2625,4.4625,0.0,0.0,18.549999999999997,21.5375,16.6
2020-08-17,3.2625,3.3000000000000003,0.0,0.0,19.2,25.0125,14.862499999999999
2020-08-18,3.675,2.7624999999999997,0.0,0.0,22.0,27.5625,15.825
2020-08-19,2.05,1.1749999999999998,0.0,0.0,20.35,25.6875,13.2
2020-08-20,2.5374999999999996,0.0,0.0,0.0,19.75,25.7625,12.137500000000001
2020-08-21,3.5375,0.4125,0.0,0.0,22.6,30.075,13.675
2020-08-22,2.3,1.0875,0.0,0.0,23.75,28.875,17.3
2020-08-23,2.85,17.4625,0.0,0.0,23.049999999999997,31.8125,16.525
2020-08-24,2.4875,0.0375,0.0,0.0,23.5,30.5,18.599999999999998
2020-08-25,4.6,0.7749999999999999,0.0,0.0,24.85,29.7875,18.1125
2020-08-26,5.025,0.0,0.0,0.0,19.200000000000003,23.0,13.1125
2020-08-27,2.2125,11.1,0.0,0.0,16.75,20.0125,13.1375
2020-08-28,2.9125,0.0,0.0,0.0,19.700000000000003,26.05,15.625
2020-08-29,3.8125,13.1625,0.0,0.0,20.7,25.2625,16.8
2020-08-30,5.2375,0.0,0.0,0.0,20.8,23.6125,12.55
2020-08-31,2.25,0.0,0.0,0.0,17.55,23.4625,10.4125
2020-09-01,3.6,0.0,0.0,0.0,18.65,24.025,13.4
2020-09-02,3.35,7.9375,0.0,0.0,17.549999999999997,21.875,15.7625
2020-09-03,2.4,8.375,0.0,0.0,22.05,25.6375,18.3375
2020-09-04,3.7624999999999997,0.0375,0.0,0.0,22.5,27.025,15.2875
2020-09-05,3.2,0.0,0.0,0.0,19.549999999999997,24.575,11.450000000000001
2020-09-06,2.1875,0.0375,0.0,0.0,19.5,25.225,13.95
2020-09-07,3.7625,0.0,0.0,0.0,20.6,26.6125,14.7125
2020-09-08,2.4,0.0,0.0,0.0,20.6,28.05,15.2625
2020-09-09,1.9375,0.0,0.0,0.0,20.700000000000003,26.875,16.6625
2020-09-10,2.4,9.0875,0.0,0.0,22.700000000000003,26.525,18.8125
2020-09-11,3.625,0.2625,0.0,0.0,19.35,21.875,11.675
2020-09-12,3.0875,0.0,0.0,0.0,15.1,20.625,9.525
2020-09-13,3.6374999999999997,0.075,0.0,0.0,16.450000000000003,23.5375,10.7
2020-09-14,4.7,0.0,0.0,0.0,19.95,23.25,10.125
2020-09-15,2.2625,0.0,0.0,0.0,12.75,17.5625,5.35
2020-09-16,4.55,0.0,0.0,0.0,15.100000000000001,22.0875,7.15
2020-09-17,3.15,0.0,0.0,0.0,18.25,23.7625,12.55
2020-09-18,4.675,1.1125,0.0,0.0,15.6,18.3875,8.125
2020-09-19,3.425,0.0,0.0,0.0,11.2,15.975,3.7
2020-09-20,3.375,0.0,0.0,0.0,10.65,16.1,3.35
2020-09-21,3.125,0.0,0.0,0.0,11.149999999999999,17.275000000000002,3.3124999999999996
2020-09-22,5.025,0.0,0.0,0.0,12.4,19.042857142857144,3.9857142857142853
2020-09-23,4.7625,0.0,0.0,0.0,16.9,24.5875,9.85
2020-09-24,2.725,0.0,0.0,0.0,19.2,24.5125,11.387500000000001
2020-09-25,2.0375,0.0,0.0,0.0,18.75,25.425,11.375
2020-09-26,2.625,0.0,0.0,0.0,17.3,24.375,12.425
2020-09-27,2.95,0.2,0.0,0.0,20.1,24.925,17.225
2020-09-28,4.042857142857143,1.3125,0.0,0.0,21.25,26.185714285714287,17.7
2020-09-29,3.542857142857143,11.975000000000001,0.0,0.0,20.0,24.67142857142857,16.985714285714288
2020-09-30,6.5125,23.65,0.0,0.0,20.25,22.357142857142858,11.828571428571427
2020-10-01,3.6125,0.0,0.0,0.0,16.7,23.014285714285712,10.299999999999999
2020-10-02,2.2125,1.8125,0.0,0.0,14.55,16.357142857142858,7.385714285714286
2020-10-03,2.3,0.0,0.0,0.0,12.1,17.714285714285715,5.228571428571429
2020-10-04,1.9375,0.0,0.0,0.0,12.35,17.37142857142857,4.3
2020-10-05,2.3125,0.7,0.0,0.0,12.850000000000001,18.099999999999998,7.371428571428571
2020-10-06,3.3625,0.325,0.0,0.0,13.899999999999999,20.0,8.5
2020-10-07,6.1625,4.114285714285715,0.0,0.0,15.3,21.74285714285714,10.4
2020-10-08,6.4,0.0,0.0,0.0,12.350000000000001,14.985714285714286,5.314285714285715
2020-10-09,3.4625,0.0,0.0,0.0,9.45,15.885714285714286,2.7142857142857144
2020-10-10,6.725,0.25,0.0,0.0,16.700000000000003,24.75714285714286,9.842857142857143
2020-10-11,4.125,0.0,0.0,0.0,15.1,18.17142857142857,6.971428571428571
2020-10-12,5.2625,0.475,0.0,0.0,9.7,11.6,7.528571428571429
2020-10-13,5.1125,33.9875,0.0,0.0,11.149999999999999,12.771428571428572,9.128571428571428
2020-10-14,3.4875,0.0,0.0,0.0,13.2,20.0,6.428571428571429
2020-10-15,4.75,0.0,0.0,0.0,14.3,22.857142857142858,6.028571428571429
2020-10-16,3.7125,16.05,0.0,0.0,15.200000000000001,18.642857142857142,8.414285714285715
2020-10-17,4.4625,20.325,0.0,0.0,9.25,13.885714285714286,2.0142857142857142
2020-10-18,2.8625,0.0,0.0,0.0,9.5,15.4,1.6285714285714286
2020-10-19,1.95,0.0,0.0,0.0,10.399999999999999,16.271428571428572,4.542857142857143
2020-10-20,2.425,0.0,0.0,0.0,13.55,19.685714285714287,10.157142857142857
2020-10-21,3.3,0.5125,0.0,0.0,15.450000000000001,21.357142857142858,13.314285714285715
2020-10-22,2.225,0.0,0.0,0.0,17.950000000000003,22.928571428571427,12.314285714285715
2020-10-23,2.7875,0.0,0.0,0.0,14.399999999999999,20.414285714285715,12.857142857142858
2020-10-24,4.125,0.0,0.0,0.0,14.9,19.75714285714286,5.971428571428571
2020-10-25,3.225,0.0,0.0,0.0,7.199999999999999,10.171428571428573,2.3000000000000003
2020-10-26,3.2125,1.8499999999999999,0.0,0.0,8.15,10.814285714285715,5.642857142857143
2020-10-27,2.7375000000000003,0.4375,0.0,0.0,10.100000000000001,11.6,6.357142857142857
2020-10-28,1.9875,7.125,0.0,0.0,7.3500000000000005,9.357142857142858,5.642857142857143
2020-10-29,2.9625,24.8125,0.0,0.0,7.449999999999999,8.242857142857144,4.271428571428571
2020-10-30,4.8625,10.862499999999999,143.66666666666666,0.0,1.45,4.514285714285714,-3.9428571428571426
2020-10-31,2.1125,0.0,0.0,150.0,0.10000000000000003,5.257142857142857,-6.014285714285714
2020-11-01,4.1125,11.35,0.0,80.0,4.85,10.228571428571428,-0.0285714285714286
2020-11-02,8.0,0.0375,0.0,0.0,3.8499999999999996,4.8428571428571425,-0.35714285714285715
2020-11-03,5.4750000000000005,0.9375,0.0,0.0,2.4000000000000004,5.542857142857143,-2.0
2020-11-04,3.25,0.0,0.0,0.0,4.1,13.885714285714286,-1.442857142857143
2020-11-05,5.3,0.0,0.0,0.0,13.149999999999999,20.35,7.15
2020-11-06,4.05,0.0625,0.0,0.0,15.8,21.8625,10.1375
2020-11-07,3.2125000000000004,0.0,0.0,0.0,16.5,23.2,8.4625
2020-11-08,1.6375000000000002,0.0,0.0,0.0,16.5,22.7125,6.525
2020-11-09,1.575,0.0,0.0,0.0,14.1,22.2125,5.1499999999999995
2020-11-10,3.4625000000000004,0.0,0.0,0.0,15.7,23.3375,6.2625
2020-11-11,5.1875,2.2375,0.0,0.0,17.5,21.675,13.1875
2020-11-12,3.9625,7.2,0.0,0.0,15.600000000000001,18.125,6.1875
2020-11-13,3.5,3.3625,0.0,0.0,7.0,8.125,2.975
2020-11-14,4.4125,0.0,0.0,0.0,5.4,8.875,-0.4875000000000001
2020-11-15,4.6375,12.95,0.0,0.0,3.75,14.5,-3.125
2020-11-16,5.425,1.1624999999999999,0.0,0.0,9.25,11.325,3.9625
2020-11-17,4.075,0.36250000000000004,0.0,0.0,4.7,7.8375,-0.08750000000000008
2020-11-18,5.3875,0.1,0.0,0.0,-0.9000000000000001,0.8,-6.65
2020-11-19,4.725,0.0,0.0,0.0,-2.15,7.5125,-7.35
2020-11-20,5.7125,0.0,0.0,0.0,9.649999999999999,16.725,6.325
2020-11-21,3.9000000000000004,0.0,0.0,0.0,11.85,15.0125,3.3499999999999996
2020-11-22,4.1125,0.0375,0.0,0.0,4.35,7.375,-0.625
2020-11-23,6.1375,28.3,0.0,0.0,7.949999999999999,12.1375,1.15
2020-11-24,4.275,0.0,0.0,0.0,2.5,6.1875,-2.85
2020-11-25,2.7875,0.3625,0.0,0.0,1.85,8.6875,-2.6125
2020-11-26,2.9625000000000004,14.662500000000001,0.0,0.0,9.75,13.0375,5.7625
2020-11-27,1.9375,0.0375,0.0,0.0,9.600000000000001,12.3125,4.6
2020-11-28,3.1125,0.0,0.0,0.0,8.2,10.825,1.9625
2020-11-29,2.7875,0.0,0.0,0.0,5.550000000000001,11.175,-0.6375000000000001
2020-11-30,6.1875,35.85,0.0,0.0,7.05,17.4375,1.2874999999999999
2020-12-01,6.425,6.5125,0.0,0.0,14.25,16.95,4.25
2020-12-02,5.6375,0.1625,0.0,0.0,3.55,5.2875,0.9249999999999999
2020-12-03,4.5875,0.0,0.0,0.0,3.8000000000000003,9.3625,-0.9750000000000001
2020-12-04,5.025,0.25,0.0,0.0,7.5,13.55,3.75
2020-12-05,6.1625,35.825,107.66666666666667,0.0,4.65,9.1625,0.9750000000000001
2020-12-06,7.3875,0.0375,0.0,50.0,0.04999999999999993,1.95,-2.35
2020-12-07,4.175,0.0,0.0,50.0,-2.0500000000000003,1.0125,-3.875
2020-12-08,5.0625,0.075,0.0,30.0,-2.8499999999999996,-1.05,-4.5125
2020-12-09,2.725,0.85,0.0,30.0,-2.6500000000000004,2.1625,-5.675
2020-12-10,3.775,0.0,0.0,30.0,2.2,5.975,-1.0
2020-12-11,3.225,0.0,0.0,30.0,3.05,10.0875,-3.45
2020-12-12,2.575,5.25,0.0,0.0,4.949999999999999,8.1875,1.2875
2020-12-13,3.725,0.2625,0.0,0.0,7.65,14.1625,2.725
2020-12-14,3.0875,2.9125,3.3333333333333335,0.0,2.35,2.85,-0.37500000000000006
2020-12-15,5.775,0.0,0.0,0.0,-0.4,1.325,-5.4875
2020-12-16,4.2125,1.6875,29.0,0.0,-6.1,-2.9625,-8.175
2020-12-17,7.485714285714286,17.2375,321.0,230.0,-5.15,-1.4124999999999999,-6.5875
2020-12-18,3.9749999999999996,0.0375,0.0,250.0,-4.050000000000001,-1.7625,-10.6875
2020-12-19,1.5625,0.0,0.0,250.0,-5.4,-0.9750000000000001,-14.0875
2020-12-20,1.925,1.1124999999999998,10.0,230.0,-2.1,2.075,-5.6625000000000005
2020-12-21,2.0,0.6,0.0,200.0,0.6000000000000001,3.625,-2.5125
2020-12-22,4.95,0.0,0.0,200.0,2.2,5.3,-2.9125
2020-12-23,3.6375,0.0,0.0,180.0,0.85,3.1875,-3.4625
2020-12-24,5.7125,1.4249999999999998,0.0,180.0,4.5,13.05,-0.575
2020-12-25,7.7875000000000005,45.75,0.0,0.0,12.25,16.325,2.2375000000000003
2020-12-26,6.175000000000001,0.125,0.0,0.0,0.8500000000000001,2.6500000000000004,-3.5375
2020-12-27,2.9625,0.0,0.0,0.0,-1.7999999999999998,2.9875,-5.3374999999999995
2020-12-28,4.125,0.0,0.0,0.0,1.75,8.3125,-2.6125
2020-12-29,6.2125,0.0,0.0,0.0,1.4500000000000002,4.175,-6.5125
2020-12-30,4.725,0.7,0.0,0.0,-2.85,4.5,-6.8999999999999995
2020-12-31,5.65,4.1375,0.0,0.0,4.15,6.3125,-1.3875000000000002
2021-01-01,2.0875,3.875,9.333333333333334,0.0,0.09999999999999998,2.5125,-4.0125
2021-01-02,5.225,9.6875,0.0,0.0,2.55,6.3374999999999995,-0.48750000000000004
2021-01-03,3.225,1.375,17.666666666666668,0.0,-0.6000000000000001,1.1375,-2.1625
2021-01-04,3.6125,1.4625,1.0,30.0,0.25,3.6125,-1.0250000000000001
2021-01-05,3.7125000000000004,0.275,7.666666666666667,0.0,-0.6,1.7374999999999998,-0.9000000000000001
2021-01-06,5.6125,0.0375,2.6666666666666665,0.0,-0.04999999999999999,2.4375,-1.6625
2021-01-07,5.6,0.0,0.0,0.0,0.0,3.3499999999999996,-2.6125
2021-01-08,3.9375,0.0,0.0,0.0,-0.8,2.8,-5.9375
2021-01-09,4.575,0.0,0.0,0.0,-2.25,0.9875,-6.0249999999999995
2021-01-10,3.5250000000000004,0.0,0.0,0.0,-0.55,3.2249999999999996,-6.425
2021-01-11,1.7875,0.0,0.0,0.0,-1.2999999999999998,1.075,-7.125
2021-01-12,2.65,0.0,0.0,0.0,-0.19999999999999996,3.3375,-5.2
2021-01-13,2.3375,0.0,0.0,0.0,0.85,3.6875,-3.4
2021-01-14,1.4,1.65,1.6666666666666667,0.0,1.05,3.55,-1.8625
2021-01-15,3.0375,0.0,0.0,0.0,1.75,4.5125,-1.125
2021-01-16,6.1375,31.514285714285712,0.0,0.0,4.7,8.475,1.35
2021-01-17,7.7,0.0,0.0,0.0,2.65,4.7875,0.65
2021-01-18,5.65,0.4125,0.0,0.0,3.3000000000000003,5.625,-1.875
2021-01-19,4.0,0.075,1.0,0.0,-0.39999999999999997,3.6125,-4.225
2021-01-20,4.3,0.1625,0.0,0.0,-0.29999999999999993,1.95,-6.25
2021-01-21,2.8875,0.1,9.666666666666666,0.0,-4.699999999999999,0.03749999999999995,-8.9375
2021-01-22,3.9625,0.1625,0.0,0.0,0.6499999999999999,4.8,-4.0
2021-01-23,7.5125,0.0,0.0,0.0,-2.35,-0.725,-9.425
2021-01-24,7.5125,0.0,0.0,0.0,-6.8999999999999995,-2.7,-10.55
2021-01-25,4.2375,0.0,0.0,0.0,-4.6,0.7999999999999999,-9.975
2021-01-26,2.775,4.8999999999999995,83.0,0.0,-2.8,0.8,-7.2875
2021-01-27,3.15,1.3857142857142857,37.0,80.0,-1.4,1.0,-2.625
2021-01-28,5.8375,0.5499999999999999,15.333333333333334,80.0,-1.7,-1.0500000000000003,-10.0625
2021-01-29,7.9,0.0,0.0,80.0,-11.0,-8.512500000000001,-15.475000000000001
2021-01-30,4.625,0.0,0.0,80.0,-11.25,-6.65,-16.2125
2021-01-31,1.825,0.0,0.0,80.0,-10.8,-4.7,-17.2875
2021-02-01,7.2625,16.6125,234.66666666666666,80.0,-4.6,0.26249999999999996,-6.3625
2021-02-02,6.55,5.125,36.666666666666664,280.0,-0.85,1.675,-1.9375
2021-02-03,4.5375,0.11249999999999999,1.6666666666666667,250.0,-1.25,0.5875,-2.625
2021-02-04,3.6375,0.1,7.0,250.0,-0.35,2.8,-5.9625
2021-02-05,2.9,0.2375,4.333333333333333,230.0,-0.04999999999999999,4.3125,-6.3
2021-02-06,5.2,0.0,0.0,200.0,1.25,4.375,-4.9875
2021-02-07,3.8375,9.125,186.66666666666666,180.0,-1.15,0.8999999999999999,-6.7625
2021-02-08,3.9875,0.0,0.0,410.0,-5.0,-2.5,-10.8125
2021-02-09,2.1625,5.1625,68.66666666666667,380.0,-5.4,-2.6375,-8.887500000000001
2021-02-10,3.325,0.0,0.0,430.0,-4.55,-1.4625,-10.75
2021-02-11,3.2125,0.0,0.0,410.0,-4.8,-1.525,-9.35
2021-02-12,3.5625,0.0,0.0,380.0,-8.0,-4.6375,-13.9375
2021-02-13,2.95,0.1,0.0,380.0,-5.65,-2.3,-10.6625
2021-02-14,2.375,0.0,0.0,360.0,-2.2,0.9125000000000001,-4.35
2021-02-15,2.9,1.0625,0.0,330.0,-1.4500000000000002,-0.22500000000000003,-3.7375000000000003
2021-02-16,5.0125,16.3125,0.0,300.0,0.45,6.0375,-2.4875000000000003
2021-02-17,4.85,0.0,0.0,250.0,-2.6,-1.2000000000000002,-7.9
2021-02-18,2.5375,2.0749999999999997,24.666666666666668,230.0,-4.05,-2.075,-6.0875
2021-02-19,4.25,6.625,145.0,300.0,-3.5,-0.9875,-4.1375
2021-02-20,5.0125,0.0625,4.333333333333333,460.0,-2.95,-0.5,-6.65
2021-02-21,3.6625,0.0,0.0,430.0,-4.1,-0.09999999999999998,-10.5125
2021-02-22,4.225,7.275,8.333333333333334,410.0,-2.1500000000000004,3.325,-9.775
2021-02-23,5.025,0.0625,0.0,330.0,2.45,5.275,0.025000000000000022
2021-02-24,5.8875,0.0,0.0,250.0,4.800000000000001,8.825,1.6125
2021-02-25,7.4,0.0,0.0,200.0,5.35,7.7625,-1.5875
2021-02-26,3.1,0.0,0.0,200.0,0.10000000000000003,4.0875,-4.625
2021-02-27,4.7250000000000005,4.2749999999999995,8.666666666666666,150.0,1.5,7.2,-1.8625
2021-02-28,2.5142857142857147,0.2,0.0,100.0,3.75,6.057142857142857,-0.7285714285714285
2021-03-01,6.542857142857143,4.7625,0.0,102.0,3.3,5.885714285714286,-5.7
2021-03-02,9.542857142857143,0.0,1.0,76.0,-5.949999999999999,-3.642857142857143,-12.12857142857143
2021-03-03,4.371428571428572,0.0,0.0,51.0,-0.65,6.814285714285715,-6.571428571428571
2021-03-04,6.471428571428571,0.0375,0.0,25.0,2.75,3.414285714285714,-5.228571428571429
2021-03-05,7.742857142857143,0.0,0.0,25.0,-3.25,-0.5142857142857143,-7.6000000000000005
2021-03-06,5.242857142857143,0.0,0.0,0.0,-3.5,-0.9,-8.4
2021-03-07,3.7714285714285714,0.0,0.0,0.0,-3.25,1.4428571428571428,-8.714285714285714
2021-03-08,3.0142857142857147,0.0,0.0,0.0,-1.3499999999999999,3.1714285714285713,-8.485714285714286
2021-03-09,4.128571428571428,0.0,0.0,0.0,5.9,12.685714285714285,-1.3857142857142857
2021-03-10,2.7714285714285714,0.0,0.0,0.0,5.300000000000001,12.314285714285715,-3.1999999999999997
2021-03-11,5.085714285714286,0.0,0.0,0.0,9.55,21.67142857142857,1.6714285714285713
2021-03-12,6.985714285714287,0.0,0.0,0.0,13.7,16.5,3.9
2021-03-13,6.728571428571429,0.0,0.0,0.0,4.5,6.257142857142857,-2.7857142857142856
2021-03-14,6.914285714285714,0.075,3.6666666666666665,0.0,2.95,7.142857142857143,-6.3428571428571425
2021-03-15,6.885714285714286,0.0,0.0,0.0,-5.75,-1.9857142857142858,-10.142857142857142
2021-03-16,2.8333333333333335,0.0,0.0,0.0,-3.6999999999999997,2.783333333333333,-9.933333333333334
2021-03-17,3.033333333333333,0.0,0.0,0.0,3.1500000000000004,10.466666666666667,-3.0666666666666664
2021-03-18,3.6285714285714286,14.25,0.0,0.0,5.0,6.8999999999999995,0.9571428571428572
2021-03-19,5.685714285714285,0.0,0.0,0.0,2.3,4.214285714285714,-4.371428571428572
2021-03-20,3.057142857142857,0.0,0.0,0.0,4.95,13.728571428571428,-5.257142857142857
2021-03-21,1.8142857142857143,0.0,0.0,0.0,9.5,17.285714285714285,-1.3857142857142857
2021-03-22,2.4857142857142853,0.0,0.0,0.0,9.05,17.457142857142856,-1.4428571428571428
2021-03-23,2.2285714285714286,0.0,0.0,0.0,9.55,18.557142857142857,-0.5000000000000001
2021-03-24,2.6571428571428575,1.2999999999999998,0.0,0.0,9.8,15.642857142857142,2.4
2021-03-25,2.6142857142857143,2.1625,0.0,0.0,12.0,21.32857142857143,9.185714285714285
2021-03-26,7.257142857142857,0.8375,0.0,0.0,15.100000000000001,21.74285714285714,9.057142857142859
2021-03-27,4.5285714285714285,0.0,0.0,0.0,11.2,15.62857142857143,4.428571428571429
2021-03-28,4.771428571428571,19.275,0.0,0.0,7.55,12.057142857142859,4.057142857142857
2021-03-29,8.257142857142856,0.1,0.0,0.0,8.45,9.200000000000001,0.21428571428571416
2021-03-30,4.185714285714286,0.0,0.0,0.0,7.0,15.242857142857144,-2.4
2021-03-31,5.614285714285715,4.1375,0.0,0.0,12.25,17.942857142857143,5.871428571428572
2021-04-01,6.014285714285714,8.3375,0.0,0.0,8.65,11.257142857142856,-0.5714285714285714
2021-04-02,4.785714285714286,0.0,0.0,0.0,0.0,1.7571428571428573,-4.128571428571428
2021-04-03,3.042857142857143,0.0,0.0,0.0,2.35,9.528571428571428,-5.142857142857143
2021-04-04,3.6857142857142855,0.0,0.0,0.0,7.65,14.37142857142857,-2.457142857142857
2021-04-05,6.528571428571429,0.0,0.0,0.0,10.05,15.171428571428573,5.3999999999999995
2021-04-06,3.7142857142857144,0.0,0.0,0.0,10.7,17.142857142857142,4.271428571428571
2021-04-07,2.242857142857143,0.0,0.0,0.0,11.2,17.7,2.5714285714285716
2021-04-08,3.05,0.0,0.0,0.0,12.6,18.5375,4.8625
2021-04-09,2.975,0.0,0.0,0.0,11.600000000000001,19.95,4.7875
2021-04-10,3.625,0.0,0.0,0.0,15.2,22.8625,7.2125
2021-04-11,4.6,0.35,0.0,0.0,11.2,15.15,6.6
2021-04-12,4.4125,0.875,0.0,0.0,7.4,10.15,3.5374999999999996
2021-04-13,3.5375,0.0,0.0,0.0,9.25,15.8375,2.7875
2021-04-14,2.85,0.0,0.0,0.0,10.350000000000001,16.5375,6.675
2021-04-15,3.9125,20.1,0.0,0.0,8.05,10.9125,2.4499999999999997
2021-04-16,6.0625,25.675,89.0,0.0,3.6,5.3375,1.0
2021-04-17,4.0,1.025,0.0,30.0,4.8,9.2375,2.725
2021-04-18,3.1,0.0,0.0,0.0,9.2,15.4875,3.5375
2021-04-19,2.5125,0.2625,0.0,0.0,12.05,17.575,4.6625
2021-04-20,4.225,0.0,0.0,0.0,15.3,20.8875,5.15
2021-04-21,5.6875,6.325,0.0,0.0,13.45,18.325,1.0625
2021-04-22,8.4125,0.0375,0.0,0.0,3.4,6.8125,-0.8500000000000001
2021-04-23,7.512499999999999,0.0,0.0,0.0,7.1,13.9,1.3375
2021-04-24,4.5125,0.0,0.0,0.0,14.3,20.55,4.95
2021-04-25,3.4875,5.7875,0.0,0.0,11.6,12.625,6.6625
2021-04-26,6.625,0.0,0.0,0.0,9.35,12.7,4.0125
2021-04-27,3.85,0.1875,0.0,0.0,10.399999999999999,18.9,3.1750000000000003
2021-04-28,2.3375,4.45,0.0,0.0,13.55,19.7875,8.3125
2021-04-29,2.375,26.5625,0.0,0.0,10.399999999999999,13.612499999999999,9.175
2021-04-30,8.2125,2.15,0.0,0.0,11.7,15.5625,5.4125
2021-05-01,5.9125,0.6125,0.0,0.0,10.0,15.075,4.025
2021-05-02,4.7625,2.675,0.0,0.0,15.05,22.85,7.0875
2021-05-03,2.825,3.3125,0.0,0.0,15.5,19.725,8.8
2021-05-04,4.075,15.850000000000001,0.0,0.0,10.25,13.4,8.9625
2021-05-05,2.9,13.1625,0.0,0.0,9.25,11.4,8.0625
2021-05-06,4.6,0.0375,0.0,0.0,12.6,17.35,7.0875
2021-05-07,3.375,0.0,0.0,0.0,11.75,15.9875,4.6625
2021-05-08,3.1875,0.35,0.0,0.0,9.75,13.0625,5.9
2021-05-09,4.7,1.05,0.0,0.0,12.85,17.3625,6.4625
2021-05-10,2.9,11.225,0.0,0.0,11.65,15.7,7.775
2021-05-11,6.1,0.0,0.0,0.0,13.05,16.325,7.7125
2021-05-12,4.2875,0.17500000000000002,0.0,0.0,12.149999999999999,17.8375,6.0375
2021-05-13,2.5625,0.0,0.0,0.0,14.850000000000001,20.3625,4.9875
2021-05-14,2.825,0.0,0.0,0.0,17.15,23.75,6.45
2021-05-15,3.0749999999999997,0.0375,0.0,0.0,19.1,23.9625,9.512500000000001
2021-05-16,3.2375,0.3,0.0,0.0,18.950000000000003,24.3,10.262500000000001
2021-05-17,2.475,0.1875,0.0,0.0,17.5,24.2375,8.2375
2021-05-18,3.8499999999999996,0.0,0.0,0.0,20.45,26.175,10.275
2021-05-19,3.1375,0.0,0.0,0.0,21.2,25.9875,10.8875
2021-05-20,2.7625,0.0,0.0,0.0,17.85,24.8125,10.2
2021-05-21,3.3249999999999997,0.0,0.0,0.0,18.95,26.7375,11.8
2021-05-22,3.6625,0.0,0.0,0.0,22.5,28.825,14.7375
2021-05-23,4.9625,1.3875,0.0,0.0,24.2,29.3,12.35
2021-05-24,3.7375000000000003,0.0,0.0,0.0,16.05,20.3375,8.3875
2021-05-25,5.45,0.0,0.0,0.0,16.55,24.3,8.95
2021-05-26,4.9625,8.95,0.0,0.0,22.65,30.349999999999998,15.5
2021-05-27,4.825,0.45,0.0,0.0,22.049999999999997,24.725,13.1375
2021-05-28,3.8874999999999997,22.6875,0.0,0.0,13.8,15.2125,6.45
2021-05-29,6.45,20.9,0.0,0.0,7.85,8.675,6.1125
2021-05-30,5.075,17.9125,0.0,0.0,8.65,9.8625,7.7875
2021-05-31,3.625,5.1875,0.0,0.0,11.3,15.975000000000001,8.475
2021-06-01,3.25,0.0,0.0,0.0,17.15,23.5375,8.962499999999999
2021-06-02,2.8875,0.5375,0.0,0.0,19.85,25.2125,10.6125
2021-06-03,3.65,1.4375,0.0,0.0,18.65,23.099999999999998,13.799999999999999
2021-06-04,3.475,1.4,0.0,0.0,21.2,24.575,16.0375
2021-06-05,4.0625,0.0,0.0,0.0,23.950000000000003,30.3,14.575
2021-06-06,3.7375,0.0,0.0,0.0,27.75,32.2125,18.1375
2021-06-07,3.925,0.0,0.0,0.0,27.950000000000003,31.8,18.35
2021-06-08,2.8,10.0625,0.0,0.0,27.05,31.05,20.775
2021-06-09,2.7625,0.8624999999999999,0.0,0.0,26.0,30.6875,18.8875
2021-06-10,3.4375,0.0,0.0,0.0,21.799999999999997,24.425,12.6375
2021-06-11,2.775,1.525,0.0,0.0,16.1,21.45,11.2625
2021-06-12,2.0125,7.825,0.0,0.0,17.25,23.2,13.4125
2021-06-13,3.8714285714285714,0.0,0.0,0.0,21.049999999999997,26.514285714285712,13.414285714285713
2021-06-14,3.3,11.612499999999999,0.0,0.0,17.3,19.375,14.3125
2021-06-15,2.5375,3.6624999999999996,0.0,0.0,19.25,24.375,15.55
2021-06-16,4.275,0.0,0.0,0.0,19.15,22.5625,12.425
2021-06-17,2.8375,0.0,0.0,0.0,19.2,24.3125,9.45
2021-06-18,3.8,0.0,0.0,0.0,21.55,27.0875,10.9875
2021-06-19,4.5875,0.5375,0.0,0.0,23.95,29.225,18.6125
2021-06-20,3.5375,0.0375,0.0,0.0,24.5,29.1,17.7125
2021-06-21,4.9375,3.875,0.0,0.0,24.6,29.1,19.1625
